id,transaction_date,value_date,description,reference,credit,debit,balance,bank_utr
tx_bank_0017,2026-08-16T15:21:00,2026-08-16T15:21:00,RZPY/AXIS40737204/SETL_CREDIT,REF_737204,6834.8,0.0,1520924.01,AXIS40737204
tx_bank_deb_01,2026-08-16T19:00:00,2026-08-16T19:00:00,NEFT/DEBIT/OFFICE LEASE & MAINTENANCE,DR_13360,0.0,85000.0,8136919.25,DR_UTR_558669
tx_bank_0299,2026-08-16T23:28:00,2026-08-16T23:28:00,RZPY/AXIS13522788/SETL_CREDIT,REF_522788,9905.6,0.0,8169144.52,AXIS13522788
tx_bank_0267,2026-08-17T08:06:00,2026-08-17T08:06:00,NEFT-RZP-AXIS21518907-PAYMENTS,REF_518907,3036.72,0.0,7525914.48,AXIS21518907
tx_bank_0255,2026-08-17T11:18:00,2026-08-17T11:18:00,RZPY/AXIS12005448/SETL_CREDIT,REF_005448,20243.35,0.0,7314123.67,AXIS12005448
tx_bank_0211,2026-08-17T13:00:00,2026-08-17T13:00:00,NEFT/RZPY/AXIS47824471/SETTLEMENT/16Aug,REF_824471,19336.93,0.0,6236640.39,AXIS47824471
tx_bank_0302,2026-08-17T15:06:00,2026-08-17T15:06:00,NEFT-RZP-AXIS87558199-PAYMENTS,REF_558199,12625.1,0.0,8243919.25,AXIS87558199
tx_bank_0018,2026-08-17T20:56:00,2026-08-17T20:56:00,RAZORPAY-AXIS99255596-SETL-CREDIT,REF_255596,6933.92,0.0,1527857.93,AXIS99255596
tx_bank_0001,2026-08-18T11:47:00,2026-08-18T11:47:00,RZPY/AXIS65791626/SETL_CREDIT,REF_791626,4952.8,0.0,1254952.8,AXIS65791626
tx_bank_0047,2026-08-18T15:08:00,2026-08-18T15:08:00,RAZORPAY-AXIS70486666-SETL-CREDIT,REF_486666,7432.51,0.0,2210348.41,AXIS70486666
tx_bank_0254,2026-08-18T16:05:00,2026-08-21T16:05:00,NEFT-RZP-AXIS38027431-PAYMENTS,REF_027431,12371.56,0.0,7293880.32,AXIS38027431
tx_bank_0142,2026-08-19T04:34:00,2026-08-19T04:34:00,RZPY/AXIS72150455/SETL_CREDIT,REF_150455,5262.48,0.0,4760990.27,AXIS72150455
tx_bank_0003,2026-08-19T08:46:00,2026-08-19T08:46:00,RAZORPAY-AXIS41193292-SETL-CREDIT,REF_193292,3930.92,0.0,1320768.74,AXIS41193292
tx_bank_0062,2026-08-19T13:43:00,2026-08-22T13:43:00,NEFT/RZPY/AXIS56752592/SETTLEMENT/18Aug,REF_752592,20552.4,0.0,2681134.63,AXIS56752592
tx_bank_0006,2026-08-19T15:10:00,2026-08-19T15:10:00,NEFT-RZP-AXIS39334741-PAYMENTS,REF_334741,2450.22,0.0,1338388.56,AXIS39334741
tx_bank_0281,2026-08-19T17:04:00,2026-08-19T17:04:00,CMS/0029381/AXIS30200610/RZP-SETL,REF_200610,19243.58,0.0,7869039.71,AXIS30200610
tx_bank_dup_0281,2026-08-19T17:14:00,2026-08-19T17:04:00,CMS/0029381/AXIS30200610/RZP-SETL (DUP),REF_200610,19243.58,0.0,7888283.29,AXIS30200610
tx_bank_0297,2026-08-19T17:58:00,2026-08-19T17:58:00,CMS/0029381/AXIS60283839/RZP-SETL,REF_283839,9905.6,0.0,8145825.28,AXIS60283839
tx_bank_0022,2026-08-19T23:02:00,2026-08-19T23:02:00,CMS/0029381/AXIS78105370/RZP-SETL,REF_105370,11828.9,0.0,1605962.8,AXIS78105370
tx_bank_0118,2026-08-20T04:36:00,2026-08-20T04:36:00,NEFT/RZPY/AXIS83600812/SETTLEMENT/18Aug,REF_600812,9905.6,0.0,4094076.5,AXIS83600812
tx_bank_0253,2026-08-20T05:11:00,2026-08-20T05:11:00,NEFT-RZP-AXIS58360842-PAYMENTS,REF_360842,14908.26,0.0,7281508.76,AXIS58360842
tx_bank_0146,2026-08-20T12:53:00,2026-08-20T12:53:00,CMS/0029381/AXIS75419352/RZP-SETL,REF_419352,22262.64,0.0,4846051.98,AXIS75419352
tx_bank_0042,2026-08-20T13:46:00,2026-08-20T13:46:00,RAZORPAY-AXIS95386667-SETL-CREDIT,REF_386667,6857.92,0.0,2120822.35,AXIS95386667
tx_bank_0256,2026-08-20T18:15:00,2026-08-20T18:15:00,CMS/0029381/AXIS76962870/RZP-SETL,REF_962870,6933.92,0.0,7321057.59,AXIS76962870
tx_bank_0277,2026-08-20T18:20:00,2026-08-23T18:20:00,NEFT-RZP-AXIS36656353-PAYMENTS,REF_656353,11787.6,0.0,7756424.51,AXIS36656353
tx_bank_deb_05,2026-08-20T19:00:00,2026-08-20T19:00:00,NEFT/DEBIT/AWS INFRASTRUCTURE CLOUD BILL,DR_22223,0.0,45200.0,8221919.25,DR_UTR_197795
tx_bank_0290,2026-08-21T00:14:00,2026-08-21T00:14:00,NEFT-RZP-AXIS61212562-PAYMENTS,REF_212562,23706.08,0.0,8031282.13,AXIS61212562
tx_bank_0084,2026-08-21T08:05:00,2026-08-21T08:05:00,NEFT-RZP-AXIS83543652-PAYMENTS,REF_543652,7811.2,0.0,3311758.56,AXIS83543652
tx_bank_0241,2026-08-21T09:32:00,2026-08-21T09:32:00,RZPY/AXIS46227990/SETL_CREDIT,REF_227990,9905.6,0.0,6991847.12,AXIS46227990
tx_bank_0243,2026-08-21T11:38:00,2026-08-21T11:38:00,RAZORPAY-AXIS38442071-SETL-CREDIT,REF_442071,7924.48,0.0,7022696.65,AXIS38442071
tx_bank_0072,2026-08-21T12:05:00,2026-08-21T12:05:00,RZPY/AXIS49054205/SETL_CREDIT,REF_054205,23999.63,0.0,3023164.11,AXIS49054205
tx_bank_0192,2026-08-21T12:49:00,2026-08-21T12:49:00,RZPY/AXIS47539330/SETL_CREDIT,REF_539330,9124.66,0.0,5734082.11,AXIS47539330
tx_bank_0159,2026-08-21T18:51:00,2026-08-21T18:51:00,NEFT-RZP-AXIS25437721-PAYMENTS,REF_437721,12424.11,0.0,5105959.73,AXIS25437721
tx_bank_0087,2026-08-21T20:06:00,2026-08-21T20:06:00,RAZORPAY-AXIS50812122-SETL-CREDIT,REF_812122,6593.02,0.0,3354316.78,AXIS50812122
tx_bank_unk_001,2026-08-21T23:00:00,2026-08-21T23:00:00,IMPS/DIRECT-CREDIT/ACC9827103/MISC_INFLOW_1,UNK_REF_001,8400.0,0.0,8252319.25,IMPS204415
tx_bank_0027,2026-08-22T06:48:00,2026-08-22T06:48:00,CMS/0029381/AXIS61193233/RZP-SETL,REF_193233,6483.92,0.0,1704648.77,AXIS61193233
tx_bank_0080,2026-08-22T20:19:00,2026-08-22T20:19:00,NEFT-RZP-AXIS87037211-PAYMENTS,REF_037211,17233.32,0.0,3222512.64,AXIS87037211
tx_bank_0165,2026-08-22T20:22:00,2026-08-22T20:22:00,NEFT/RZPY/AXIS78432746/SETTLEMENT/21Aug,REF_432746,7924.48,0.0,5230286.12,AXIS78432746
tx_bank_0292,2026-08-22T21:19:00,2026-08-22T21:19:00,NEFT/RZPY/AXIS97191136/SETTLEMENT/21Aug,REF_191136,9823.0,0.0,8080511.43,AXIS97191136
tx_bank_unk_003,2026-08-22T23:00:00,2026-08-22T23:00:00,IMPS/DIRECT-CREDIT/ACC9827103/MISC_INFLOW_3,UNK_REF_003,8400.0,0.0,8263919.25,IMPS978012
tx_bank_0189,2026-08-23T01:39:00,2026-08-23T01:39:00,CMS/0029381/AXIS10187899/RZP-SETL,REF_187899,7924.48,0.0,5697717.05,AXIS10187899
tx_bank_0286,2026-08-23T04:06:00,2026-08-23T04:06:00,RZPY/AXIS59694974/SETL_CREDIT,REF_694974,1698.8,0.0,7951647.52,AXIS59694974
tx_bank_0090,2026-08-23T04:18:00,2026-08-26T04:18:00,RAZORPAY-AXIS29811269-SETL-CREDIT,REF_811269,2476.4,0.0,3403319.76,AXIS29811269
tx_bank_0263,2026-08-23T04:32:00,2026-08-23T04:32:00,RZPY/AXIS15727818/SETL_CREDIT,REF_727818,24706.18,0.0,7467573.17,AXIS15727818
tx_bank_0224,2026-08-23T05:47:00,2026-08-23T05:47:00,RAZORPAY-AXIS37283734-SETL-CREDIT,REF_283734,19415.82,0.0,6501492.3,AXIS37283734
tx_bank_0094,2026-08-23T06:49:00,2026-08-23T06:49:00,NEFT/RZPY/AXIS90014633/SETTLEMENT/21Aug,REF_014633,28598.94,0.0,3448872.11,AXIS90014633
tx_bank_0055,2026-08-23T07:23:00,2026-08-23T07:23:00,CMS/0029381/AXIS58480869/RZP-SETL,REF_480869,6858.54,0.0,2473436.62,AXIS58480869
tx_bank_0197,2026-08-23T14:34:00,2026-08-23T14:34:00,RAZORPAY-AXIS33637158-SETL-CREDIT,REF_637158,9862.79,0.0,5865850.56,AXIS33637158
tx_bank_0250,2026-08-23T16:14:00,2026-08-23T16:14:00,NEFT/RZPY/AXIS31638985/SETTLEMENT/22Aug,REF_638985,33609.45,0.0,7182373.15,AXIS31638985
tx_bank_deb_08,2026-08-23T19:00:00,2026-08-23T19:00:00,NEFT/DEBIT/GOOGLE WORKSPACE & DOMAINS,DR_87763,0.0,12400.0,7939519.25,DR_UTR_260483
tx_bank_0008,2026-08-23T21:07:00,2026-08-23T21:07:00,RAZORPAY-AXIS94674464-SETL-CREDIT,REF_674464,9897.07,0.0,1358191.23,AXIS94674464
tx_bank_0200,2026-08-23T22:22:00,2026-08-23T22:22:00,RAZORPAY-AXIS71072308-SETL-CREDIT,REF_072308,17764.0,0.0,5975410.7,AXIS71072308
tx_bank_0269,2026-08-23T22:49:00,2026-08-23T22:49:00,NEFT/RZPY/AXIS38539411/SETTLEMENT/22Aug,REF_539411,29440.67,0.0,7576725.46,AXIS38539411
tx_bank_unk_004,2026-08-23T23:00:00,2026-08-23T23:00:00,IMPS/DIRECT-CREDIT/ACC9827103/MISC_INFLOW_4,UNK_REF_004,3200.0,0.0,8267119.25,IMPS313660
tx_bank_0291,2026-08-23T23:20:00,2026-08-23T23:20:00,NEFT/RZPY/AXIS93265522/SETTLEMENT/22Aug,REF_265522,39406.3,0.0,8070688.43,AXIS93265522
tx_bank_0167,2026-08-23T23:47:00,2026-08-23T23:47:00,NEFT/RZPY/AXIS52928316/SETTLEMENT/22Aug,REF_928316,9338.6,0.0,5271015.71,AXIS52928316
tx_bank_0264,2026-08-24T00:28:00,2026-08-24T00:28:00,RZPY/AXIS30744991/SETL_CREDIT,REF_744991,7811.2,0.0,7475384.37,AXIS30744991
tx_bank_0179,2026-08-24T02:09:00,2026-08-24T02:09:00,CMS/0029381/AXIS90417043/RZP-SETL,REF_417043,29696.73,0.0,5504936.89,AXIS90417043
tx_bank_0046,2026-08-24T02:27:00,2026-08-24T02:27:00,RZPY/AXIS35018189/SETL_CREDIT,REF_018189,9892.85,0.0,2202915.9,AXIS35018189
tx_bank_0148,2026-08-24T03:39:00,2026-08-24T03:39:00,NEFT-RZP-AXIS81998064-PAYMENTS,REF_998064,7429.2,0.0,4858992.55,AXIS81998064
tx_bank_0005,2026-08-24T04:56:00,2026-08-24T04:56:00,NEFT/RZPY/AXIS18860555/SETTLEMENT/22Aug,REF_860555,10287.6,0.0,1335938.34,AXIS18860555
tx_bank_0227,2026-08-24T05:10:00,2026-08-24T05:10:00,RAZORPAY-AXIS40143583-SETL-CREDIT,REF_143583,4952.8,0.0,6536518.38,AXIS40143583
tx_bank_0287,2026-08-24T06:56:00,2026-08-24T06:56:00,CMS/0029381/AXIS76992183/RZP-SETL,REF_992183,1251.4,0.0,7952898.92,AXIS76992183
tx_bank_0206,2026-08-24T08:46:00,2026-08-24T08:46:00,NEFT/RZPY/AXIS82950883/SETTLEMENT/23Aug,REF_950883,9905.6,0.0,6106879.48,AXIS82950883
tx_bank_0187,2026-08-24T09:31:00,2026-08-24T09:31:00,RAZORPAY-AXIS49170544-SETL-CREDIT,REF_170544,18109.21,0.0,5684002.87,AXIS49170544
tx_bank_0092,2026-08-24T13:13:00,2026-08-24T13:13:00,NEFT-RZP-AXIS79180538-PAYMENTS,REF_180538,1569.14,0.0,3407065.3,AXIS79180538
tx_bank_0007,2026-08-24T13:43:00,2026-08-24T13:43:00,RZPY/AXIS81965066/SETL_CREDIT,REF_965066,9905.6,0.0,1348294.16,AXIS81965066
tx_bank_0166,2026-08-24T15:09:00,2026-08-27T15:09:00,NEFT-RZP-AXIS58798364-PAYMENTS,REF_798364,31390.99,0.0,5261677.11,AXIS58798364
tx_bank_0174,2026-08-24T15:12:00,2026-08-24T15:12:00,NEFT/RZPY/AXIS15508152/SETTLEMENT/23Aug,REF_508152,2500.0,0.0,5396059.46,AXIS15508152
tx_bank_0116,2026-08-24T19:21:00,2026-08-24T19:21:00,NEFT-RZP-AXIS32017488-PAYMENTS,REF_017488,48441.63,0.0,4076246.42,AXIS32017488
tx_bank_0124,2026-08-24T19:55:00,2026-08-24T19:55:00,RZPY/AXIS34249450/SETL_CREDIT,REF_249450,39943.92,0.0,4214967.39,AXIS34249450
tx_bank_0190,2026-08-24T20:11:00,2026-08-24T20:11:00,RZPY/AXIS83722452/SETL_CREDIT,REF_722452,9905.6,0.0,5707622.65,AXIS83722452
tx_bank_0169,2026-08-24T20:22:00,2026-08-24T20:22:00,CMS/0029381/AXIS67835429/RZP-SETL,REF_835429,7924.48,0.0,5334525.61,AXIS67835429
tx_bank_0073,2026-08-24T23:40:00,2026-08-24T23:40:00,NEFT-RZP-AXIS25583513-PAYMENTS,REF_583513,5496.52,0.0,3028660.63,AXIS25583513
tx_bank_0171,2026-08-25T00:26:00,2026-08-25T00:26:00,RZPY/AXIS54454486/SETL_CREDIT,REF_454486,17830.08,0.0,5377061.87,AXIS54454486
tx_bank_0117,2026-08-25T01:11:00,2026-08-25T01:11:00,RZPY/AXIS91014793/SETL_CREDIT,REF_014793,7924.48,0.0,4084170.9,AXIS91014793
tx_bank_0153,2026-08-25T04:10:00,2026-08-25T04:10:00,NEFT-RZP-AXIS27103900-PAYMENTS,REF_103900,42635.19,0.0,5000378.35,AXIS27103900
tx_bank_0284,2026-08-25T07:20:00,2026-08-25T07:20:00,RAZORPAY-AXIS39343051-SETL-CREDIT,REF_343051,8000.0,0.0,7913792.69,AXIS39343051
tx_bank_0272,2026-08-25T07:55:00,2026-08-25T07:55:00,NEFT/RZPY/AXIS73539966/SETTLEMENT/23Aug,REF_539966,28530.85,0.0,7659041.2,AXIS73539966
tx_bank_0288,2026-08-25T08:54:00,2026-08-25T08:54:00,NEFT-RZP-AXIS67156511-PAYMENTS,REF_156511,42659.06,0.0,7995557.98,AXIS67156511
tx_bank_0205,2026-08-25T09:19:00,2026-08-25T09:19:00,RAZORPAY-AXIS31896876-SETL-CREDIT,REF_896876,21110.67,0.0,6096973.88,AXIS31896876
tx_bank_0259,2026-08-25T13:41:00,2026-08-28T13:41:00,NEFT-RZP-AXIS97280725-PAYMENTS,REF_280725,36302.97,0.0,7391425.73,AXIS97280725
tx_bank_0271,2026-08-25T15:12:00,2026-08-25T15:12:00,CMS/0029381/AXIS14204135/RZP-SETL,REF_204135,25806.05,0.0,7630510.35,AXIS14204135
tx_bank_0175,2026-08-25T15:31:00,2026-08-25T15:31:00,RAZORPAY-AXIS83360594-SETL-CREDIT,REF_360594,9905.6,0.0,5405965.06,AXIS83360594
tx_bank_0225,2026-08-25T16:21:00,2026-08-25T16:21:00,RAZORPAY-AXIS17996341-SETL-CREDIT,REF_996341,4882.0,0.0,6506374.3,AXIS17996341
tx_bank_0195,2026-08-25T16:53:00,2026-08-25T16:53:00,NEFT-RZP-AXIS88069593-PAYMENTS,REF_069593,14646.0,0.0,5835440.86,AXIS88069593
tx_bank_0301,2026-08-25T17:15:00,2026-08-25T17:15:00,NEFT-RZP-AXIS84590103-PAYMENTS,REF_590103,14858.4,0.0,8231294.15,AXIS84590103
tx_bank_0129,2026-08-25T18:38:00,2026-08-25T18:38:00,RZPY/AXIS72903261/SETL_CREDIT,REF_903261,34017.94,0.0,4400844.2,AXIS72903261
tx_bank_deb_10,2026-08-25T19:00:00,2026-08-25T19:00:00,NEFT/DEBIT/VENDOR PAYROLL DISBURSEMENT BATCH,DR_11512,0.0,185000.0,7951919.25,DR_UTR_759443
tx_bank_0104,2026-08-25T20:33:00,2026-08-25T20:33:00,RAZORPAY-AXIS15253706-SETL-CREDIT,REF_253706,4952.8,0.0,3743802.28,AXIS15253706
tx_bank_0240,2026-08-25T20:37:00,2026-08-25T20:37:00,NEFT-RZP-AXIS32122351-PAYMENTS,REF_122351,19393.05,0.0,6981941.52,AXIS32122351
tx_bank_0009,2026-08-25T21:05:00,2026-08-25T21:05:00,NEFT-RZP-AXIS33532534-PAYMENTS,REF_532534,23701.12,0.0,1381892.35,AXIS33532534
tx_bank_0226,2026-08-25T21:57:00,2026-08-25T21:57:00,NEFT-RZP-AXIS71792283-PAYMENTS,REF_792283,25191.28,0.0,6531565.58,AXIS71792283
tx_bank_0260,2026-08-25T22:49:00,2026-08-25T22:49:00,RZPY/AXIS58784400/SETL_CREDIT,REF_784400,7924.48,0.0,7399350.21,AXIS58784400
tx_bank_0014,2026-08-26T01:37:00,2026-08-26T01:37:00,NEFT/RZPY/AXIS37113563/SETTLEMENT/24Aug,REF_113563,31965.94,0.0,1465888.71,AXIS37113563
tx_bank_0105,2026-08-26T03:23:00,2026-08-26T03:23:00,NEFT/RZPY/AXIS85496963/SETTLEMENT/24Aug,REF_496963,6676.1,0.0,3750478.38,AXIS85496963
tx_bank_0093,2026-08-26T06:37:00,2026-08-26T06:37:00,CMS/0029381/AXIS14562440/RZP-SETL,REF_562440,13207.87,0.0,3420273.17,AXIS14562440
tx_bank_0010,2026-08-26T09:14:00,2026-08-26T09:14:00,NEFT-RZP-AXIS54977061-PAYMENTS,REF_977061,4936.12,0.0,1386828.47,AXIS54977061
tx_bank_0229,2026-08-26T11:32:00,2026-08-26T11:32:00,RAZORPAY-AXIS88061980-SETL-CREDIT,REF_061980,33004.4,0.0,6605484.84,AXIS88061980
tx_bank_0024,2026-08-26T11:41:00,2026-08-29T11:41:00,CMS/0029381/AXIS48299416/RZP-SETL,REF_299416,29173.36,0.0,1649895.44,AXIS48299416
tx_bank_0136,2026-08-26T11:48:00,2026-08-26T11:48:00,RZPY/AXIS98741286/SETL_CREDIT,REF_741286,22761.2,0.0,4618961.95,AXIS98741286
tx_bank_0137,2026-08-26T11:56:00,2026-08-26T11:56:00,RZPY/AXIS33463164/SETL_CREDIT,REF_463164,17831.02,0.0,4636792.97,AXIS33463164
tx_bank_0141,2026-08-26T12:22:00,2026-08-26T12:22:00,RZPY/AXIS39187415/SETL_CREDIT,REF_187415,26065.54,0.0,4729662.25,AXIS39187415
tx_bank_0050,2026-08-26T12:25:00,2026-08-26T12:25:00,NEFT-RZP-AXIS18625158-PAYMENTS,REF_625158,25325.7,0.0,2280487.75,AXIS18625158
tx_bank_dup_0141,2026-08-26T12:32:00,2026-08-26T12:22:00,RZPY/AXIS39187415/SETL_CREDIT (DUP),REF_187415,26065.54,0.0,4755727.79,AXIS39187415
tx_bank_0282,2026-08-26T14:44:00,2026-08-26T14:44:00,NEFT-RZP-AXIS64544291-PAYMENTS,REF_544291,7924.48,0.0,7896207.77,AXIS64544291
tx_bank_0157,2026-08-26T14:51:00,2026-08-26T14:51:00,NEFT-RZP-AXIS74450415-PAYMENTS,REF_450415,27127.18,0.0,5080729.14,AXIS74450415
tx_bank_0238,2026-08-26T17:31:00,2026-08-26T17:31:00,RZPY/AXIS39381121/SETL_CREDIT,REF_381121,9764.0,0.0,6927650.16,AXIS39381121
tx_bank_0130,2026-08-26T17:42:00,2026-08-26T17:42:00,CMS/0029381/AXIS40704198/RZP-SETL,REF_704198,39315.83,0.0,4440160.03,AXIS40704198
tx_bank_0020,2026-08-26T18:25:00,2026-08-29T18:25:00,RAZORPAY-AXIS75987111-SETL-CREDIT,REF_987111,4952.8,0.0,1579374.62,AXIS75987111
tx_bank_0069,2026-08-26T19:53:00,2026-08-26T19:53:00,CMS/0029381/AXIS28220919/RZP-SETL,REF_220919,39847.7,0.0,2936482.65,AXIS28220919
tx_bank_0221,2026-08-26T20:01:00,2026-08-26T20:01:00,RZPY/AXIS66191544/SETL_CREDIT,REF_191544,13852.05,0.0,6429755.87,AXIS66191544
tx_bank_0076,2026-08-26T22:23:00,2026-08-26T22:23:00,RZPY/AXIS99086047/SETL_CREDIT,REF_086047,23859.52,0.0,3112661.46,AXIS99086047
tx_bank_0202,2026-08-26T22:28:00,2026-08-26T22:28:00,NEFT/RZPY/AXIS96500924/SETTLEMENT/25Aug,REF_500924,2065.83,0.0,6034802.42,AXIS96500924
tx_bank_unk_002,2026-08-26T23:00:00,2026-08-26T23:00:00,IMPS/DIRECT-CREDIT/ACC9827103/MISC_INFLOW_2,UNK_REF_002,3200.0,0.0,8255519.25,IMPS224122
tx_bank_0185,2026-08-26T23:56:00,2026-08-26T23:56:00,CMS/0029381/AXIS77621275/RZP-SETL,REF_621275,30594.08,0.0,5618611.82,AXIS77621275
tx_bank_0114,2026-08-27T01:37:00,2026-08-27T01:37:00,CMS/0029381/AXIS67088619/RZP-SETL,REF_088619,41311.94,0.0,4000207.94,AXIS67088619
tx_bank_0208,2026-08-27T01:51:00,2026-08-27T01:51:00,NEFT-RZP-AXIS10162459-PAYMENTS,REF_162459,23596.34,0.0,6143361.53,AXIS10162459
tx_bank_0044,2026-08-27T02:03:00,2026-08-27T02:03:00,RZPY/AXIS23001760/SETL_CREDIT,REF_001760,2476.4,0.0,2158674.31,AXIS23001760
tx_bank_0120,2026-08-27T02:12:00,2026-08-27T02:12:00,NEFT-RZP-AXIS11323834-PAYMENTS,REF_323834,14698.56,0.0,4137501.28,AXIS11323834
tx_bank_0295,2026-08-27T02:21:00,2026-08-27T02:21:00,NEFT/RZPY/AXIS61147669/SETTLEMENT/25Aug,REF_147669,28689.78,0.0,8135919.68,AXIS61147669
tx_bank_0196,2026-08-27T02:51:00,2026-08-27T02:51:00,NEFT-RZP-AXIS29909077-PAYMENTS,REF_909077,20546.91,0.0,5855987.77,AXIS29909077
tx_bank_0002,2026-08-27T03:10:00,2026-08-27T03:10:00,NEFT-RZP-AXIS35440639-PAYMENTS,REF_440639,30942.51,0.0,1285895.31,AXIS35440639
tx_bank_dup_0002,2026-08-27T03:20:00,2026-08-27T03:10:00,NEFT-RZP-AXIS35440639-PAYMENTS (DUP),REF_440639,30942.51,0.0,1316837.82,AXIS35440639
tx_bank_0132,2026-08-27T04:11:00,2026-08-27T04:11:00,RZPY/AXIS32161108/SETL_CREDIT,REF_161108,9764.0,0.0,4494852.71,AXIS32161108
tx_bank_0285,2026-08-27T04:37:00,2026-08-27T04:37:00,RZPY/AXIS60674785/SETL_CREDIT,REF_674785,36156.03,0.0,7949948.72,AXIS60674785
tx_bank_0111,2026-08-27T11:05:00,2026-08-27T11:05:00,RAZORPAY-AXIS90818451-SETL-CREDIT,REF_818451,12329.18,0.0,3915592.83,AXIS90818451
tx_bank_0218,2026-08-27T12:13:00,2026-08-27T12:13:00,NEFT-RZP-AXIS22139593-PAYMENTS,REF_139593,14813.4,0.0,6373599.87,AXIS22139593
tx_bank_0065,2026-08-27T12:16:00,2026-08-27T12:16:00,NEFT/RZPY/AXIS83651529/SETTLEMENT/26Aug,REF_651529,28791.73,0.0,2840094.35,AXIS83651529
tx_bank_0155,2026-08-27T14:16:00,2026-08-27T14:16:00,RAZORPAY-AXIS30876492-SETL-CREDIT,REF_876492,13693.02,0.0,5045977.48,AXIS30876492
tx_bank_0070,2026-08-27T14:39:00,2026-08-27T14:39:00,NEFT-RZP-AXIS87305664-PAYMENTS,REF_305664,12340.19,0.0,2948822.84,AXIS87305664
tx_bank_0220,2026-08-27T14:57:00,2026-08-27T14:57:00,RAZORPAY-AXIS95443567-SETL-CREDIT,REF_443567,36845.8,0.0,6415903.82,AXIS95443567
tx_bank_0066,2026-08-27T15:10:00,2026-08-27T15:10:00,NEFT/RZPY/AXIS98938318/SETTLEMENT/26Aug,REF_938318,26823.8,0.0,2866918.15,AXIS98938318
tx_bank_0107,2026-08-27T16:07:00,2026-08-27T16:07:00,CMS/0029381/AXIS10011484/RZP-SETL,REF_011484,36870.14,0.0,3814543.49,AXIS10011484
tx_bank_0275,2026-08-27T16:19:00,2026-08-27T16:19:00,RAZORPAY-AXIS80434503-SETL-CREDIT,REF_434503,27240.4,0.0,7737760.81,AXIS80434503
tx_bank_0125,2026-08-27T16:41:00,2026-08-27T16:41:00,CMS/0029381/AXIS89808139/RZP-SETL,REF_808139,26235.01,0.0,4241202.4,AXIS89808139
tx_bank_0283,2026-08-27T16:41:00,2026-08-27T16:41:00,NEFT/RZPY/AXIS95133372/SETTLEMENT/26Aug,REF_133372,9584.92,0.0,7905792.69,AXIS95133372
tx_bank_0103,2026-08-27T16:54:00,2026-08-27T16:54:00,CMS/0029381/AXIS90410190/RZP-SETL,REF_410190,12693.2,0.0,3738849.48,AXIS90410190
tx_bank_0077,2026-08-27T17:34:00,2026-08-27T17:34:00,RAZORPAY-AXIS52402900-SETL-CREDIT,REF_402900,24104.5,0.0,3136765.96,AXIS52402900
tx_bank_0034,2026-08-27T18:48:00,2026-08-27T18:48:00,CMS/0029381/AXIS31791910/RZP-SETL,REF_791910,30400.77,0.0,1890319.43,AXIS31791910
tx_bank_deb_12,2026-08-27T19:00:00,2026-08-27T19:00:00,NEFT/DEBIT/RAZORPAY DIRECT SUBSCRIPTION FEE,DR_13646,0.0,3500.0,7936019.25,DR_UTR_748124
tx_bank_0043,2026-08-27T19:56:00,2026-08-27T19:56:00,NEFT-RZP-AXIS63414658-PAYMENTS,REF_414658,35375.56,0.0,2156197.91,AXIS63414658
tx_bank_0152,2026-08-27T20:42:00,2026-08-27T20:42:00,RZPY/AXIS99287389/SETL_CREDIT,REF_287389,44875.7,0.0,4957743.16,AXIS99287389
tx_bank_0289,2026-08-27T21:29:00,2026-08-27T21:29:00,RZPY/AXIS60079518/SETL_CREDIT,REF_079518,12018.07,0.0,8007576.05,AXIS60079518
tx_bank_0212,2026-08-27T22:16:00,2026-08-27T22:16:00,NEFT-RZP-AXIS21382241-PAYMENTS,REF_382241,28994.96,0.0,6265635.35,AXIS21382241
tx_bank_0209,2026-08-27T23:42:00,2026-08-27T23:42:00,NEFT-RZP-AXIS57420453-PAYMENTS,REF_420453,30145.21,0.0,6173506.74,AXIS57420453
tx_bank_0040,2026-08-28T00:01:00,2026-08-28T00:01:00,CMS/0029381/AXIS66766698/RZP-SETL,REF_766698,8111.2,0.0,2087984.53,AXIS66766698
tx_bank_0247,2026-08-28T00:32:00,2026-08-28T00:32:00,NEFT/RZPY/AXIS52207776/SETTLEMENT/26Aug,REF_207776,6704.18,0.0,7100896.0,AXIS52207776
tx_bank_0191,2026-08-28T00:46:00,2026-08-28T00:46:00,CMS/0029381/AXIS53571790/RZP-SETL,REF_571790,17334.8,0.0,5724957.45,AXIS53571790
tx_bank_0149,2026-08-28T00:56:00,2026-08-28T00:56:00,CMS/0029381/AXIS28773624/RZP-SETL,REF_773624,9173.79,0.0,4868166.34,AXIS28773624
tx_bank_0210,2026-08-28T03:30:00,2026-08-28T03:30:00,RAZORPAY-AXIS25087236-SETL-CREDIT,REF_087236,43796.72,0.0,6217303.46,AXIS25087236
tx_bank_0074,2026-08-28T03:56:00,2026-08-28T03:56:00,RAZORPAY-AXIS10225283-SETL-CREDIT,REF_225283,37924.51,0.0,3066585.14,AXIS10225283
tx_bank_0059,2026-08-28T04:08:00,2026-08-28T04:08:00,CMS/0029381/AXIS65448912/RZP-SETL,REF_448912,32242.9,0.0,2605345.02,AXIS65448912
tx_bank_0139,2026-08-28T04:13:00,2026-08-28T04:13:00,NEFT/RZPY/AXIS55360034/SETTLEMENT/26Aug,REF_360034,18304.67,0.0,4688753.58,AXIS55360034
tx_bank_0109,2026-08-28T04:20:00,2026-08-28T04:20:00,NEFT/RZPY/AXIS57260360/SETTLEMENT/26Aug,REF_260360,34395.96,0.0,3893515.83,AXIS57260360
tx_bank_0231,2026-08-28T06:14:00,2026-08-28T06:14:00,NEFT-RZP-AXIS86394469-PAYMENTS,REF_394469,8000.0,0.0,6629191.2,AXIS86394469
tx_bank_0213,2026-08-28T11:49:00,2026-08-28T11:49:00,CMS/0029381/AXIS54942009/RZP-SETL,REF_942009,18471.5,0.0,6284106.85,AXIS54942009
tx_bank_0041,2026-08-28T11:53:00,2026-08-28T11:53:00,NEFT/RZPY/AXIS51336223/SETTLEMENT/27Aug,REF_336223,25979.9,0.0,2113964.43,AXIS51336223
tx_bank_0026,2026-08-28T12:28:00,2026-08-28T12:28:00,NEFT-RZP-AXIS66733465-PAYMENTS,REF_733465,33940.32,0.0,1698164.85,AXIS66733465
tx_bank_0106,2026-08-28T12:47:00,2026-08-31T12:47:00,NEFT-RZP-AXIS50074450-PAYMENTS,REF_074450,27194.97,0.0,3777673.35,AXIS50074450
tx_bank_0294,2026-08-28T12:54:00,2026-08-28T12:54:00,RAZORPAY-AXIS99618537-SETL-CREDIT,REF_618537,1276.4,0.0,8107229.9,AXIS99618537
tx_bank_0242,2026-08-28T13:03:00,2026-08-28T13:03:00,NEFT/RZPY/AXIS13764654/SETTLEMENT/27Aug,REF_764654,22925.05,0.0,7014772.17,AXIS13764654
tx_bank_0251,2026-08-28T13:16:00,2026-08-28T13:16:00,RAZORPAY-AXIS41080809-SETL-CREDIT,REF_080809,36332.12,0.0,7218705.27,AXIS41080809
tx_bank_0079,2026-08-28T13:20:00,2026-08-28T13:20:00,NEFT/RZPY/AXIS52968377/SETTLEMENT/27Aug,REF_968377,43254.08,0.0,3205279.32,AXIS52968377
tx_bank_0013,2026-08-28T13:50:00,2026-08-28T13:50:00,NEFT-RZP-AXIS93183615-PAYMENTS,REF_183615,11796.24,0.0,1433922.77,AXIS93183615
tx_bank_0054,2026-08-28T13:58:00,2026-08-28T13:58:00,CMS/0029381/AXIS67640289/RZP-SETL,REF_640289,35594.39,0.0,2466578.08,AXIS67640289
tx_bank_0162,2026-08-28T13:59:00,2026-08-28T13:59:00,NEFT/RZPY/AXIS46757086/SETTLEMENT/27Aug,REF_757086,7924.48,0.0,5143235.21,AXIS46757086
tx_bank_dup_0162,2026-08-28T14:09:00,2026-08-28T13:59:00,NEFT/RZPY/AXIS46757086/SETTLEMENT/27Aug (DUP),REF_757086,7924.48,0.0,5151159.69,AXIS46757086
tx_bank_0071,2026-08-28T15:03:00,2026-08-28T15:03:00,CMS/0029381/AXIS96181498/RZP-SETL,REF_181498,50341.64,0.0,2999164.48,AXIS96181498
tx_bank_0180,2026-08-28T15:36:00,2026-08-28T15:36:00,RAZORPAY-AXIS85990691-SETL-CREDIT,REF_990691,9764.0,0.0,5514700.89,AXIS85990691
tx_bank_0095,2026-08-28T15:56:00,2026-08-28T15:56:00,NEFT-RZP-AXIS97283256-PAYMENTS,REF_283256,28132.42,0.0,3477004.53,AXIS97283256
tx_bank_0261,2026-08-28T16:46:00,2026-08-28T16:46:00,RZPY/AXIS27311971/SETL_CREDIT,REF_311971,32219.25,0.0,7431569.46,AXIS27311971
tx_bank_0143,2026-08-28T17:24:00,2026-08-28T17:24:00,CMS/0029381/AXIS54097476/RZP-SETL,REF_097476,8813.21,0.0,4769803.48,AXIS54097476
tx_bank_0015,2026-08-28T19:00:00,2026-08-28T19:00:00,RAZORPAY-AXIS90272292-SETL-CREDIT,REF_272292,14858.4,0.0,1480747.11,AXIS90272292
tx_bank_0089,2026-08-28T20:46:00,2026-08-28T20:46:00,RZPY/AXIS36260378/SETL_CREDIT,REF_260378,46526.58,0.0,3400843.36,AXIS36260378
tx_bank_0265,2026-08-28T21:39:00,2026-08-28T21:39:00,NEFT/RZPY/AXIS19795032/SETTLEMENT/27Aug,REF_795032,30760.66,0.0,7506145.03,AXIS19795032
tx_bank_0113,2026-08-29T01:22:00,2026-08-29T01:22:00,CMS/0029381/AXIS97210510/RZP-SETL,REF_210510,14823.0,0.0,3958896.0,AXIS97210510
tx_bank_0170,2026-08-29T01:51:00,2026-08-29T01:51:00,RZPY/AXIS50850064/SETL_CREDIT,REF_850064,24706.18,0.0,5359231.79,AXIS50850064
tx_bank_0222,2026-08-29T02:08:00,2026-08-29T02:08:00,NEFT-RZP-AXIS40885447-PAYMENTS,REF_885447,13615.28,0.0,6443371.15,AXIS40885447
tx_bank_0051,2026-08-29T02:18:00,2026-08-29T02:18:00,NEFT/RZPY/AXIS23530374/SETTLEMENT/27Aug,REF_530374,31627.12,0.0,2312114.87,AXIS23530374
tx_bank_0038,2026-08-29T03:21:00,2026-08-29T03:21:00,NEFT/RZPY/AXIS43207452/SETTLEMENT/27Aug,REF_207452,34693.94,0.0,2035806.83,AXIS43207452
tx_bank_0164,2026-08-29T03:23:00,2026-08-29T03:23:00,NEFT-RZP-AXIS95001425-PAYMENTS,REF_001425,35462.7,0.0,5222361.64,AXIS95001425
tx_bank_0075,2026-08-29T04:21:00,2026-08-29T04:21:00,RAZORPAY-AXIS66867849-SETL-CREDIT,REF_867849,22216.8,0.0,3088801.94,AXIS66867849
tx_bank_0030,2026-08-29T04:54:00,2026-08-29T04:54:00,RZPY/AXIS30766764/SETL_CREDIT,REF_766764,7024.67,0.0,1774824.31,AXIS30766764
tx_bank_0279,2026-08-29T04:56:00,2026-08-29T04:56:00,RZPY/AXIS11332984/SETL_CREDIT,REF_332984,24400.19,0.0,7825733.85,AXIS11332984
tx_bank_0033,2026-08-29T06:19:00,2026-08-29T06:19:00,NEFT-RZP-AXIS64866540-PAYMENTS,REF_866540,1184.77,0.0,1859918.66,AXIS64866540
tx_bank_0217,2026-08-29T06:44:00,2026-08-29T06:44:00,CMS/0029381/AXIS74214057/RZP-SETL,REF_214057,28880.5,0.0,6358786.47,AXIS74214057
tx_bank_0163,2026-08-29T08:02:00,2026-08-29T08:02:00,NEFT-RZP-AXIS36795696-PAYMENTS,REF_795696,35739.25,0.0,5186898.94,AXIS36795696
tx_bank_0128,2026-08-29T08:12:00,2026-08-29T08:12:00,NEFT-RZP-AXIS43435196-PAYMENTS,REF_435196,39401.52,0.0,4366826.26,AXIS43435196
tx_bank_0268,2026-08-29T08:31:00,2026-08-29T08:31:00,RZPY/AXIS63891165/SETL_CREDIT,REF_891165,21370.31,0.0,7547284.79,AXIS63891165
tx_bank_0144,2026-08-29T08:34:00,2026-08-29T08:34:00,NEFT-RZP-AXIS34985664-PAYMENTS,REF_985664,29128.04,0.0,4798931.52,AXIS34985664
tx_bank_0112,2026-08-29T09:15:00,2026-08-29T09:15:00,CMS/0029381/AXIS93525402/RZP-SETL,REF_525402,28480.17,0.0,3944073.0,AXIS93525402
tx_bank_0203,2026-08-29T09:19:00,2026-08-29T09:19:00,NEFT/RZPY/AXIS29144226/SETTLEMENT/28Aug,REF_144226,11032.98,0.0,6045835.4,AXIS29144226
tx_bank_0158,2026-08-29T09:32:00,2026-08-29T09:32:00,RAZORPAY-AXIS92894635-SETL-CREDIT,REF_894635,12806.48,0.0,5093535.62,AXIS92894635
tx_bank_0108,2026-08-29T10:02:00,2026-08-29T10:02:00,CMS/0029381/AXIS81686010/RZP-SETL,REF_686010,44576.38,0.0,3859119.87,AXIS81686010
tx_bank_0119,2026-08-29T10:11:00,2026-08-29T10:11:00,RAZORPAY-AXIS54763940-SETL-CREDIT,REF_763940,28726.22,0.0,4122802.72,AXIS54763940
tx_bank_0134,2026-08-29T10:28:00,2026-08-29T10:28:00,RAZORPAY-AXIS76814283-SETL-CREDIT,REF_814283,23736.36,0.0,4553086.07,AXIS76814283
tx_bank_0115,2026-08-29T11:02:00,2026-08-29T11:02:00,RZPY/AXIS96647103/SETL_CREDIT,REF_647103,27596.85,0.0,4027804.79,AXIS96647103
tx_bank_0032,2026-08-29T11:06:00,2026-08-29T11:06:00,RZPY/AXIS60082660/SETL_CREDIT,REF_082660,50891.02,0.0,1858733.89,AXIS60082660
tx_bank_0176,2026-08-29T11:32:00,2026-08-29T11:32:00,RZPY/AXIS30625554/SETL_CREDIT,REF_625554,44768.34,0.0,5450733.4,AXIS30625554
tx_bank_0245,2026-08-29T14:15:00,2026-08-29T14:15:00,NEFT/RZPY/AXIS16022958/SETTLEMENT/28Aug,REF_022958,38346.1,0.0,7084631.24,AXIS16022958
tx_bank_0058,2026-08-29T14:29:00,2026-08-29T14:29:00,NEFT-RZP-AXIS43358157-PAYMENTS,REF_358157,26950.91,0.0,2573102.12,AXIS43358157
tx_bank_0045,2026-08-29T15:08:00,2026-08-29T15:08:00,RAZORPAY-AXIS97848347-SETL-CREDIT,REF_848347,34348.74,0.0,2193023.05,AXIS97848347
tx_bank_0004,2026-08-29T16:14:00,2026-08-29T16:14:00,NEFT-RZP-AXIS63974248-PAYMENTS,REF_974248,4882.0,0.0,1325650.74,AXIS63974248
tx_bank_0160,2026-08-29T16:30:00,2026-08-29T16:30:00,RZPY/AXIS73604818/SETL_CREDIT,REF_604818,17634.2,0.0,5123593.93,AXIS73604818
tx_bank_0156,2026-08-29T18:25:00,2026-08-29T18:25:00,NEFT/RZPY/AXIS55921387/SETTLEMENT/28Aug,REF_921387,7624.48,0.0,5053601.96,AXIS55921387
tx_bank_0037,2026-08-29T19:29:00,2026-08-29T19:29:00,RAZORPAY-AXIS13792466-SETL-CREDIT,REF_792466,43759.5,0.0,2001112.89,AXIS13792466
tx_bank_0036,2026-08-29T19:42:00,2026-08-29T19:42:00,CMS/0029381/AXIS43123836/RZP-SETL,REF_123836,36592.9,0.0,1957353.39,AXIS43123836
tx_bank_0067,2026-08-29T19:52:00,2026-08-29T19:52:00,NEFT-RZP-AXIS68370404-PAYMENTS,REF_370404,6933.92,0.0,2873852.07,AXIS68370404
tx_bank_0126,2026-08-29T19:53:00,2026-08-29T19:53:00,NEFT-RZP-AXIS78929583-PAYMENTS,REF_929583,2476.4,0.0,4243678.8,AXIS78929583
tx_bank_0172,2026-08-29T20:03:00,2026-08-29T20:03:00,RAZORPAY-AXIS91163313-SETL-CREDIT,REF_163313,16497.59,0.0,5393559.46,AXIS91163313
tx_bank_0223,2026-08-29T20:33:00,2026-08-29T20:33:00,CMS/0029381/AXIS87561262/RZP-SETL,REF_561262,38705.33,0.0,6482076.48,AXIS87561262
tx_bank_0061,2026-08-29T21:34:00,2026-08-29T21:34:00,RZPY/AXIS69633763/SETL_CREDIT,REF_633763,55237.21,0.0,2660582.23,AXIS69633763
tx_bank_0232,2026-08-29T22:23:00,2026-08-29T22:23:00,CMS/0029381/AXIS28805567/RZP-SETL,REF_805567,38457.0,0.0,6667648.2,AXIS28805567
tx_bank_0068,2026-08-29T22:27:00,2026-08-29T22:27:00,NEFT/RZPY/AXIS39578370/SETTLEMENT/28Aug,REF_578370,22782.88,0.0,2896634.95,AXIS39578370
tx_bank_0246,2026-08-29T22:58:00,2026-08-29T22:58:00,RZPY/AXIS11137995/SETL_CREDIT,REF_137995,9560.58,0.0,7094191.82,AXIS11137995
tx_bank_0300,2026-08-29T23:26:00,2026-08-29T23:26:00,NEFT-RZP-AXIS90523345-PAYMENTS,REF_523345,47291.23,0.0,8216435.75,AXIS90523345
tx_bank_0085,2026-08-29T23:57:00,2026-08-29T23:57:00,CMS/0029381/AXIS62527814/RZP-SETL,REF_527814,14363.12,0.0,3326121.68,AXIS62527814
tx_bank_0161,2026-08-30T00:04:00,2026-08-30T00:04:00,NEFT-RZP-AXIS35322723-PAYMENTS,REF_322723,11716.8,0.0,5135310.73,AXIS35322723
tx_bank_0194,2026-08-30T00:16:00,2026-08-30T00:16:00,CMS/0029381/AXIS44540283/RZP-SETL,REF_540283,36664.65,0.0,5820794.86,AXIS44540283
tx_bank_0081,2026-08-30T00:19:00,2026-08-30T00:19:00,RAZORPAY-AXIS60560976-SETL-CREDIT,REF_560976,17079.33,0.0,3239591.97,AXIS60560976
tx_bank_0201,2026-08-30T02:11:00,2026-08-30T02:11:00,NEFT/RZPY/AXIS11582229/SETTLEMENT/28Aug,REF_582229,57325.89,0.0,6032736.59,AXIS11582229
tx_bank_0096,2026-08-30T02:39:00,2026-08-30T02:39:00,NEFT-RZP-AXIS11557250-PAYMENTS,REF_557250,21239.79,0.0,3498244.32,AXIS11557250
tx_bank_0188,2026-08-30T02:46:00,2026-08-30T02:46:00,RZPY/AXIS16914893/SETL_CREDIT,REF_914893,5789.7,0.0,5689792.57,AXIS16914893
tx_bank_0204,2026-08-30T02:53:00,2026-08-30T02:53:00,RZPY/AXIS55417925/SETL_CREDIT,REF_417925,30027.81,0.0,6075863.21,AXIS55417925
tx_bank_0230,2026-08-30T03:18:00,2026-08-30T03:18:00,NEFT/RZPY/AXIS29714795/SETTLEMENT/28Aug,REF_714795,15706.36,0.0,6621191.2,AXIS29714795
tx_bank_0091,2026-08-30T03:23:00,2026-08-30T03:23:00,NEFT/RZPY/AXIS22891308/SETTLEMENT/28Aug,REF_891308,2176.4,0.0,3405496.16,AXIS22891308
tx_bank_0011,2026-08-30T04:04:00,2026-08-30T04:04:00,NEFT/RZPY/AXIS78588767/SETTLEMENT/28Aug,REF_588767,22880.13,0.0,1409708.6,AXIS78588767
tx_bank_0097,2026-08-30T04:34:00,2026-08-30T04:34:00,RZPY/AXIS99763770/SETL_CREDIT,REF_763770,53513.24,0.0,3551757.56,AXIS99763770
tx_bank_0248,2026-08-30T04:51:00,2026-08-30T04:51:00,RAZORPAY-AXIS64665076-SETL-CREDIT,REF_665076,40867.7,0.0,7141763.7,AXIS64665076
tx_bank_0140,2026-08-30T04:53:00,2026-08-30T04:53:00,RZPY/AXIS74843897/SETL_CREDIT,REF_843897,14843.13,0.0,4703596.71,AXIS74843897
tx_bank_0110,2026-08-30T05:09:00,2026-08-30T05:09:00,RAZORPAY-AXIS14930347-SETL-CREDIT,REF_930347,9747.82,0.0,3903263.65,AXIS14930347
tx_bank_0028,2026-08-30T05:16:00,2026-08-30T05:16:00,NEFT-RZP-AXIS33581963-PAYMENTS,REF_581963,26120.04,0.0,1730768.81,AXIS33581963
tx_bank_0236,2026-08-30T06:12:00,2026-08-30T06:12:00,NEFT/RZPY/AXIS40509683/SETTLEMENT/28Aug,REF_509683,39454.74,0.0,6838659.79,AXIS40509683
tx_bank_dup_0236,2026-08-30T06:22:00,2026-08-30T06:12:00,NEFT/RZPY/AXIS40509683/SETTLEMENT/28Aug (DUP),REF_509683,39454.74,0.0,6878114.53,AXIS40509683
tx_bank_0121,2026-08-30T08:56:00,2026-08-30T08:56:00,RZPY/AXIS26576358/SETL_CREDIT,REF_576358,7487.11,0.0,4144988.39,AXIS26576358
tx_bank_0215,2026-08-30T09:01:00,2026-08-30T09:01:00,NEFT/RZPY/AXIS59541440/SETTLEMENT/28Aug,REF_541440,38865.2,0.0,6322972.05,AXIS59541440
tx_bank_0021,2026-08-30T09:21:00,2026-08-30T09:21:00,RAZORPAY-AXIS26852512-SETL-CREDIT,REF_852512,14759.28,0.0,1594133.9,AXIS26852512
tx_bank_0098,2026-08-30T09:48:00,2026-08-30T09:48:00,NEFT-RZP-AXIS46738721-PAYMENTS,REF_738721,29177.65,0.0,3580935.21,AXIS46738721
tx_bank_0145,2026-08-30T10:01:00,2026-08-30T10:01:00,NEFT-RZP-AXIS36513965-PAYMENTS,REF_513965,24857.82,0.0,4823789.34,AXIS36513965
tx_bank_0019,2026-08-30T10:14:00,2026-08-30T10:14:00,NEFT/RZPY/AXIS61202173/SETTLEMENT/29Aug,REF_202173,46563.89,0.0,1574421.82,AXIS61202173
tx_bank_0122,2026-08-30T11:54:00,2026-08-30T11:54:00,CMS/0029381/AXIS22823236/RZP-SETL,REF_823236,30035.08,0.0,4175023.47,AXIS22823236
tx_bank_0193,2026-08-30T12:19:00,2026-08-30T12:19:00,NEFT-RZP-AXIS88283995-PAYMENTS,REF_283995,50048.1,0.0,5784130.21,AXIS88283995
tx_bank_0049,2026-08-30T12:48:00,2026-08-30T12:48:00,NEFT/RZPY/AXIS32297072/SETTLEMENT/29Aug,REF_297072,31936.36,0.0,2255162.05,AXIS32297072
tx_bank_0052,2026-08-30T12:52:00,2026-08-30T12:52:00,NEFT/RZPY/AXIS88174504/SETTLEMENT/29Aug,REF_174504,32650.96,0.0,2344765.83,AXIS88174504
tx_bank_0150,2026-08-30T12:54:00,2026-08-30T12:54:00,RAZORPAY-AXIS36637470-SETL-CREDIT,REF_637470,44701.12,0.0,4912867.46,AXIS36637470
tx_bank_0035,2026-08-30T13:58:00,2026-08-30T13:58:00,NEFT-RZP-AXIS75581713-PAYMENTS,REF_581713,30441.06,0.0,1920760.49,AXIS75581713
tx_bank_0244,2026-08-30T14:25:00,2026-08-30T14:25:00,RZPY/AXIS37075194/SETL_CREDIT,REF_075194,23588.49,0.0,7046285.14,AXIS37075194
tx_bank_0262,2026-08-30T14:27:00,2026-08-30T14:27:00,NEFT-RZP-AXIS60154896-PAYMENTS,REF_154896,11297.53,0.0,7442866.99,AXIS60154896
tx_bank_0298,2026-08-30T14:42:00,2026-08-30T14:42:00,NEFT/RZPY/AXIS65662309/SETTLEMENT/29Aug,REF_662309,13413.64,0.0,8159238.92,AXIS65662309
tx_bank_0039,2026-08-30T15:02:00,2026-08-30T15:02:00,RZPY/AXIS61586279/SETL_CREDIT,REF_586279,44066.5,0.0,2079873.33,AXIS61586279
tx_bank_0154,2026-08-30T15:18:00,2026-08-30T15:18:00,NEFT/RZPY/AXIS62190363/SETTLEMENT/29Aug,REF_190363,31906.11,0.0,5032284.46,AXIS62190363
tx_bank_0216,2026-08-30T15:43:00,2026-08-30T15:43:00,NEFT-RZP-AXIS29950518-PAYMENTS,REF_950518,6933.92,0.0,6329905.97,AXIS29950518
tx_bank_0278,2026-08-30T16:13:00,2026-08-30T16:13:00,RZPY/AXIS31567333/SETL_CREDIT,REF_567333,44909.15,0.0,7801333.66,AXIS31567333
tx_bank_0235,2026-08-30T16:30:00,2026-08-30T16:30:00,CMS/0029381/AXIS70974645/RZP-SETL,REF_974645,48431.37,0.0,6750773.68,AXIS70974645
tx_bank_dup_0235,2026-08-30T16:40:00,2026-08-30T16:30:00,CMS/0029381/AXIS70974645/RZP-SETL (DUP),REF_974645,48431.37,0.0,6799205.05,AXIS70974645
tx_bank_0186,2026-08-30T16:41:00,2026-08-30T16:41:00,RZPY/AXIS46039426/SETL_CREDIT,REF_039426,47281.84,0.0,5665893.66,AXIS46039426
tx_bank_0181,2026-08-30T16:59:00,2026-08-30T16:59:00,RZPY/AXIS63350718/SETL_CREDIT,REF_350718,39890.26,0.0,5554591.15,AXIS63350718
tx_bank_0233,2026-08-30T18:06:00,2026-08-30T18:06:00,NEFT/RZPY/AXIS96549919/SETTLEMENT/29Aug,REF_549919,18893.59,0.0,6686541.79,AXIS96549919
tx_bank_0012,2026-08-30T18:10:00,2026-08-30T18:10:00,NEFT-RZP-AXIS12847211-PAYMENTS,REF_847211,12417.93,0.0,1422126.53,AXIS12847211
tx_bank_0016,2026-08-30T18:47:00,2026-08-30T18:47:00,CMS/0029381/AXIS52619317/RZP-SETL,REF_619317,33342.1,0.0,1514089.21,AXIS52619317
tx_bank_0237,2026-08-30T19:24:00,2026-08-30T19:24:00,RZPY/AXIS60675282/SETL_CREDIT,REF_675282,39771.63,0.0,6917886.16,AXIS60675282
tx_bank_0086,2026-08-30T19:43:00,2026-08-30T19:43:00,RZPY/AXIS36184828/SETL_CREDIT,REF_184828,21602.08,0.0,3347723.76,AXIS36184828
tx_bank_0234,2026-08-30T21:02:00,2026-08-30T21:02:00,NEFT-RZP-AXIS14310953-PAYMENTS,REF_310953,15800.52,0.0,6702342.31,AXIS14310953
tx_bank_0183,2026-08-30T21:12:00,2026-08-30T21:12:00,RAZORPAY-AXIS63801036-SETL-CREDIT,REF_801036,26492.67,0.0,5588017.74,AXIS63801036
tx_bank_0102,2026-08-30T22:08:00,2026-08-30T22:08:00,NEFT/RZPY/AXIS97469782/SETTLEMENT/29Aug,REF_469782,49499.09,0.0,3726156.28,AXIS97469782
tx_bank_0023,2026-08-30T22:39:00,2026-08-30T22:39:00,RAZORPAY-AXIS36512868-SETL-CREDIT,REF_512868,14759.28,0.0,1620722.08,AXIS36512868
tx_bank_0293,2026-08-30T23:06:00,2026-08-30T23:06:00,RZPY/AXIS93728466/SETL_CREDIT,REF_728466,25442.07,0.0,8105953.5,AXIS93728466
tx_bank_0276,2026-08-31T00:03:00,2026-08-31T00:03:00,CMS/0029381/AXIS22407255/RZP-SETL,REF_407255,6876.1,0.0,7744636.91,AXIS22407255
tx_bank_0083,2026-08-31T00:06:00,2026-08-31T00:06:00,RAZORPAY-AXIS62587561-SETL-CREDIT,REF_587561,24839.19,0.0,3303947.36,AXIS62587561
tx_bank_0133,2026-08-31T01:32:00,2026-08-31T01:32:00,RAZORPAY-AXIS11435415-SETL-CREDIT,REF_435415,34497.0,0.0,4529349.71,AXIS11435415
tx_bank_0252,2026-08-31T01:56:00,2026-08-31T01:56:00,CMS/0029381/AXIS31615365/RZP-SETL,REF_615365,47895.23,0.0,7266600.5,AXIS31615365
tx_bank_0257,2026-08-31T01:57:00,2026-08-31T01:57:00,NEFT/RZPY/AXIS19148527/SETTLEMENT/29Aug,REF_148527,29112.37,0.0,7350169.96,AXIS19148527
tx_bank_0048,2026-08-31T02:26:00,2026-08-31T02:26:00,NEFT/RZPY/AXIS44809624/SETTLEMENT/29Aug,REF_809624,12877.28,0.0,2223225.69,AXIS44809624
tx_bank_0131,2026-08-31T02:39:00,2026-08-31T02:39:00,RAZORPAY-AXIS51974837-SETL-CREDIT,REF_974837,44928.68,0.0,4485088.71,AXIS51974837
tx_bank_0273,2026-08-31T03:21:00,2026-08-31T03:21:00,NEFT/RZPY/AXIS66763408/SETTLEMENT/29Aug,REF_763408,44932.63,0.0,7703973.83,AXIS66763408
tx_bank_0127,2026-08-31T03:23:00,2026-08-31T03:23:00,CMS/0029381/AXIS45885781/RZP-SETL,REF_885781,41872.97,0.0,4285551.77,AXIS45885781
tx_bank_0099,2026-08-31T03:29:00,2026-08-31T03:29:00,NEFT/RZPY/AXIS96516297/SETTLEMENT/29Aug,REF_516297,40750.83,0.0,3621686.04,AXIS96516297
tx_bank_dup_0127,2026-08-31T03:33:00,2026-08-31T03:23:00,CMS/0029381/AXIS45885781/RZP-SETL (DUP),REF_885781,41872.97,0.0,4327424.74,AXIS45885781
tx_bank_0029,2026-08-31T04:25:00,2026-08-31T04:25:00,NEFT-RZP-AXIS60351362-PAYMENTS,REF_351362,37030.83,0.0,1767799.64,AXIS60351362
tx_bank_0101,2026-08-31T05:05:00,2026-08-31T05:05:00,RZPY/AXIS84633131/SETL_CREDIT,REF_633131,35918.07,0.0,3676657.19,AXIS84633131
tx_bank_0198,2026-08-31T05:09:00,2026-08-31T05:09:00,NEFT-RZP-AXIS47855338-PAYMENTS,REF_855338,26520.26,0.0,5892370.82,AXIS47855338
tx_bank_0178,2026-08-31T05:35:00,2026-08-31T05:35:00,NEFT/RZPY/AXIS19087680/SETTLEMENT/29Aug,REF_087680,24506.76,0.0,5475240.16,AXIS19087680
tx_bank_0025,2026-08-31T05:39:00,2026-08-31T05:39:00,NEFT-RZP-AXIS20739561-PAYMENTS,REF_739561,14329.09,0.0,1664224.53,AXIS20739561
tx_bank_0057,2026-08-31T05:59:00,2026-08-31T05:59:00,RZPY/AXIS28637880/SETL_CREDIT,REF_637880,46443.63,0.0,2546151.21,AXIS28637880
tx_bank_0228,2026-08-31T06:09:00,2026-08-31T06:09:00,NEFT/RZPY/AXIS13536218/SETTLEMENT/29Aug,REF_536218,35962.06,0.0,6572480.44,AXIS13536218
tx_bank_0258,2026-08-31T06:30:00,2026-08-31T06:30:00,CMS/0029381/AXIS34049971/RZP-SETL,REF_049971,4952.8,0.0,7355122.76,AXIS34049971
tx_bank_0168,2026-08-31T06:35:00,2026-08-31T06:35:00,RZPY/AXIS53169737/SETL_CREDIT,REF_169737,55585.42,0.0,5326601.13,AXIS53169737
tx_bank_0082,2026-08-31T06:41:00,2026-08-31T06:41:00,RAZORPAY-AXIS38268009-SETL-CREDIT,REF_268009,39516.2,0.0,3279108.17,AXIS38268009
tx_bank_0199,2026-08-31T07:40:00,2026-08-31T07:40:00,NEFT-RZP-AXIS91580498-PAYMENTS,REF_580498,65275.88,0.0,5957646.7,AXIS91580498
tx_bank_0135,2026-08-31T08:13:00,2026-08-31T08:13:00,CMS/0029381/AXIS10978481/RZP-SETL,REF_978481,43114.68,0.0,4596200.75,AXIS10978481
tx_bank_0274,2026-08-31T09:11:00,2026-08-31T09:11:00,NEFT-RZP-AXIS19295792-PAYMENTS,REF_295792,6546.58,0.0,7710520.41,AXIS19295792
tx_bank_0138,2026-08-31T09:18:00,2026-08-31T09:18:00,CMS/0029381/AXIS16832563/RZP-SETL,REF_832563,33655.94,0.0,4670448.91,AXIS16832563
tx_bank_0219,2026-08-31T10:02:00,2026-08-31T10:02:00,NEFT-RZP-AXIS52857838-PAYMENTS,REF_857838,5458.15,0.0,6379058.02,AXIS52857838
tx_bank_0147,2026-08-31T10:29:00,2026-08-31T10:29:00,NEFT-RZP-AXIS73176107-PAYMENTS,REF_176107,5511.37,0.0,4851563.35,AXIS73176107
tx_bank_0053,2026-08-31T11:41:00,2026-08-31T11:41:00,CMS/0029381/AXIS90931259/RZP-SETL,REF_931259,43108.93,0.0,2387874.76,AXIS90931259
tx_bank_0031,2026-08-31T11:49:00,2026-08-31T11:49:00,NEFT-RZP-AXIS60232033-PAYMENTS,REF_232033,33018.56,0.0,1807842.87,AXIS60232033
tx_bank_dup_0053,2026-08-31T11:51:00,2026-08-31T11:41:00,CMS/0029381/AXIS90931259/RZP-SETL (DUP),REF_931259,43108.93,0.0,2430983.69,AXIS90931259
tx_bank_0266,2026-08-31T11:51:00,2026-08-31T11:51:00,NEFT-RZP-AXIS72529032-PAYMENTS,REF_529032,16732.73,0.0,7522877.76,AXIS72529032
tx_bank_0182,2026-08-31T12:05:00,2026-08-31T12:05:00,RZPY/AXIS32215479/SETL_CREDIT,REF_215479,6933.92,0.0,5561525.07,AXIS32215479
tx_bank_0056,2026-08-31T12:08:00,2026-08-31T12:08:00,NEFT-RZP-AXIS23445578-PAYMENTS,REF_445578,26270.96,0.0,2499707.58,AXIS23445578
tx_bank_0270,2026-08-31T13:44:00,2026-08-31T13:44:00,CMS/0029381/AXIS30903218/RZP-SETL,REF_903218,27978.84,0.0,7604704.3,AXIS30903218
tx_bank_0078,2026-08-31T13:48:00,2026-08-31T13:48:00,NEFT/RZPY/AXIS71174364/SETTLEMENT/30Aug,REF_174364,25259.28,0.0,3162025.24,AXIS71174364
tx_bank_0249,2026-08-31T15:14:00,2026-08-31T15:14:00,NEFT/RZPY/AXIS88809362/SETTLEMENT/30Aug,REF_809362,7000.0,0.0,7148763.7,AXIS88809362
tx_bank_0207,2026-08-31T15:47:00,2026-08-31T15:47:00,NEFT-RZP-AXIS23799637-PAYMENTS,REF_799637,12885.71,0.0,6119765.19,AXIS23799637
tx_bank_0100,2026-08-31T15:48:00,2026-08-31T15:48:00,NEFT/RZPY/AXIS18522597/SETTLEMENT/30Aug,REF_522597,19053.08,0.0,3640739.12,AXIS18522597
tx_bank_0064,2026-08-31T16:14:00,2026-08-31T16:14:00,NEFT/RZPY/AXIS86758128/SETTLEMENT/30Aug,REF_758128,81047.65,0.0,2811302.62,AXIS86758128
tx_bank_0063,2026-08-31T17:40:00,2026-08-31T17:40:00,RAZORPAY-AXIS61654839-SETL-CREDIT,REF_654839,49120.34,0.0,2730254.97,AXIS61654839
tx_bank_0239,2026-08-31T18:04:00,2026-08-31T18:04:00,NEFT-RZP-AXIS20362848-PAYMENTS,REF_362848,34898.31,0.0,6962548.47,AXIS20362848
tx_bank_0280,2026-08-31T18:45:00,2026-08-31T18:45:00,CMS/0029381/AXIS29410197/RZP-SETL,REF_410197,24062.28,0.0,7849796.13,AXIS29410197
