id,merchant_id,amount,gross_amount,fees,tax,utr,status,settlement_period,created_at,target_anomaly
setl_0001,mer_001,4952.8,5000.0,40.0,7.2,AXIS65791626,processed,2026-08-17 Batch,2026-08-18T07:47:00,CLEAN_MATCH
setl_0002,mer_001,30942.51,31423.21,407.38,73.32,AXIS35440639,processed,2026-08-25 Batch,2026-08-26T22:10:00,DUPLICATE_BANK_ENTRY
setl_0003,mer_001,3930.92,3968.38,31.75,5.71,AXIS41193292,processed,2026-08-18 Batch,2026-08-19T04:46:00,CLEAN_MATCH
setl_0004,mer_001,4882.0,5000.0,100.0,18.0,AXIS63974248,processed,2026-08-28 Batch,2026-08-29T13:14:00,CLEAN_MATCH
setl_0005,mer_001,10287.6,10500.0,180.0,32.4,AXIS18860555,processed,2026-08-22 Batch,2026-08-24T00:56:00,CLEAN_MATCH
setl_0006,mer_001,2450.22,2494.38,37.42,6.74,AXIS39334741,processed,2026-08-18 Batch,2026-08-19T09:10:00,CLEAN_MATCH
setl_0007,mer_001,9905.6,10000.0,80.0,14.4,AXIS81965066,processed,2026-08-23 Batch,2026-08-24T11:43:00,CLEAN_MATCH
setl_0008,mer_001,9897.07,11066.34,143.45,25.82,AXIS94674464,processed,2026-08-22 Batch,2026-08-23T13:07:00,CLEAN_MATCH
setl_0009,mer_001,24001.12,24301.32,254.41,45.79,AXIS33532534,processed,2026-08-24 Batch,2026-08-25T14:05:00,REFUND_MISMATCH
setl_0010,mer_001,4936.12,4983.17,39.87,7.18,AXIS54977061,processed,2026-08-25 Batch,2026-08-26T03:14:00,CLEAN_MATCH
setl_0011,mer_001,22880.13,23176.99,251.58,45.28,AXIS78588767,processed,2026-08-28 Batch,2026-08-29T21:04:00,CLEAN_MATCH
setl_0012,mer_001,12417.93,12577.96,135.62,24.41,AXIS12847211,processed,2026-08-29 Batch,2026-08-30T11:10:00,CLEAN_MATCH
setl_0013,mer_001,11796.24,11908.66,95.27,17.15,AXIS93183615,processed,2026-08-27 Batch,2026-08-28T09:50:00,CLEAN_MATCH
setl_0014,mer_001,31965.94,32343.25,319.75,57.56,AXIS37113563,processed,2026-08-24 Batch,2026-08-25T18:37:00,CLEAN_MATCH
setl_0015,mer_001,14858.4,15000.0,120.0,21.6,AXIS90272292,processed,2026-08-27 Batch,2026-08-28T15:00:00,CLEAN_MATCH
setl_0016,mer_001,33342.1,36961.81,355.69,64.02,AXIS52619317,processed,2026-08-29 Batch,2026-08-30T13:47:00,CLEAN_MATCH
setl_0017,mer_001,6834.8,7000.0,140.0,25.2,AXIS40737204,processed,2026-08-15 Batch,2026-08-16T12:21:00,CLEAN_MATCH
setl_0018,mer_001,6933.92,7000.0,56.0,10.08,AXIS99255596,processed,2026-08-16 Batch,2026-08-17T13:56:00,CLEAN_MATCH
setl_0019,mer_001,46563.89,47327.92,647.48,116.55,AXIS61202173,processed,2026-08-29 Batch,2026-08-30T03:14:00,CLEAN_MATCH
setl_0020,mer_001,4952.8,5000.0,40.0,7.2,AXIS75987111,processed,2026-08-25 Batch,2026-08-26T16:25:00,TIMING_DIFFERENCE
setl_0021,mer_001,14759.28,15000.0,204.0,36.72,AXIS26852512,processed,2026-08-29 Batch,2026-08-30T03:21:00,CLEAN_MATCH
setl_0022,mer_001,11828.9,12000.0,145.0,26.1,AXIS78105370,processed,2026-08-18 Batch,2026-08-19T18:02:00,CLEAN_MATCH
setl_0023,mer_001,14759.28,15000.0,204.0,36.72,AXIS36512868,processed,2026-08-29 Batch,2026-08-30T16:39:00,CLEAN_MATCH
setl_0024,mer_001,29173.36,29689.96,437.8,78.8,AXIS48299416,processed,2026-08-25 Batch,2026-08-26T08:41:00,TIMING_DIFFERENCE
setl_0025,mer_001,14329.09,14475.71,124.25,22.37,AXIS20739561,processed,2026-08-29 Batch,2026-08-31T02:39:00,CLEAN_MATCH
setl_0026,mer_001,33940.32,34347.16,344.78,62.06,AXIS66733465,processed,2026-08-27 Batch,2026-08-28T04:28:00,CLEAN_MATCH
setl_0027,mer_001,6933.92,7000.0,56.0,10.08,AXIS61193233,processed,2026-08-20 Batch,2026-08-21T22:48:00,AMOUNT_MISMATCH
setl_0028,mer_001,26120.04,31500.0,322.0,57.96,AXIS33581963,processed,2026-08-28 Batch,2026-08-30T01:16:00,CLEAN_MATCH
setl_0029,mer_001,37030.83,37383.73,299.07,53.83,AXIS60351362,processed,2026-08-29 Batch,2026-08-31T01:25:00,CLEAN_MATCH
setl_0030,mer_001,7024.67,7091.61,56.73,10.21,AXIS30766764,processed,2026-08-27 Batch,2026-08-28T20:54:00,CLEAN_MATCH
setl_0031,mer_001,33018.56,43500.0,408.0,73.44,AXIS60232033,processed,2026-08-30 Batch,2026-08-31T06:49:00,CLEAN_MATCH
setl_0032,mer_001,50891.02,53395.07,427.16,76.89,AXIS60082660,processed,2026-08-28 Batch,2026-08-29T04:06:00,CLEAN_MATCH
setl_0033,mer_001,1229.77,1241.49,9.93,1.79,AXIS64866540,processed,2026-08-28 Batch,2026-08-29T04:19:00,FEE_TAX_MISMATCH
setl_0034,mer_001,30400.77,30876.32,403.01,72.54,AXIS31791910,processed,2026-08-26 Batch,2026-08-27T14:48:00,CLEAN_MATCH
setl_0035,mer_001,30441.06,30766.89,276.12,49.71,AXIS75581713,processed,2026-08-29 Batch,2026-08-30T06:58:00,CLEAN_MATCH
setl_0036,mer_001,36592.9,37000.0,345.0,62.1,AXIS43123836,processed,2026-08-28 Batch,2026-08-29T11:42:00,CLEAN_MATCH
setl_0037,mer_001,43759.5,45248.6,414.49,74.61,AXIS13792466,processed,2026-08-28 Batch,2026-08-29T14:29:00,CLEAN_MATCH
setl_0038,mer_001,34693.94,35068.46,317.39,57.13,AXIS43207452,processed,2026-08-27 Batch,2026-08-28T19:21:00,CLEAN_MATCH
setl_0039,mer_001,44066.5,44708.62,544.17,97.95,AXIS61586279,processed,2026-08-29 Batch,2026-08-30T13:02:00,CLEAN_MATCH
setl_0040,mer_001,9311.2,9500.0,160.0,28.8,AXIS66766698,processed,2026-08-26 Batch,2026-08-27T20:01:00,AMOUNT_MISMATCH
setl_0041,mer_001,25979.9,26407.78,362.61,65.27,AXIS51336223,processed,2026-08-27 Batch,2026-08-28T04:53:00,CLEAN_MATCH
setl_0042,mer_001,6857.92,6923.28,55.39,9.97,AXIS95386667,processed,2026-08-19 Batch,2026-08-20T09:46:00,CLEAN_MATCH
setl_0043,mer_001,35375.56,35914.99,457.14,82.29,AXIS63414658,processed,2026-08-26 Batch,2026-08-27T16:56:00,CLEAN_MATCH
setl_0044,mer_001,2476.4,2500.0,20.0,3.6,AXIS23001760,processed,2026-08-25 Batch,2026-08-26T21:03:00,CLEAN_MATCH
setl_0045,mer_001,34348.74,41824.33,510.28,91.85,AXIS97848347,processed,2026-08-28 Batch,2026-08-29T12:08:00,CLEAN_MATCH
setl_0046,mer_001,9892.85,9987.13,79.9,14.38,AXIS35018189,processed,2026-08-22 Batch,2026-08-23T23:27:00,CLEAN_MATCH
setl_0047,mer_001,7432.51,7503.35,60.03,10.81,AXIS70486666,processed,2026-08-17 Batch,2026-08-18T13:08:00,CLEAN_MATCH
setl_0048,mer_001,12877.28,13000.0,104.0,18.72,AXIS44809624,processed,2026-08-29 Batch,2026-08-30T20:26:00,CLEAN_MATCH
setl_0049,mer_001,31936.36,34436.27,275.49,49.59,AXIS32297072,processed,2026-08-29 Batch,2026-08-30T07:48:00,CLEAN_MATCH
setl_0050,mer_001,25325.7,25740.0,351.1,63.2,AXIS18625158,processed,2026-08-25 Batch,2026-08-26T09:25:00,CLEAN_MATCH
setl_0051,mer_001,31627.12,32000.0,316.0,56.88,AXIS23530374,processed,2026-08-27 Batch,2026-08-28T18:18:00,CLEAN_MATCH
setl_0052,mer_001,32650.96,33118.64,396.34,71.34,AXIS88174504,processed,2026-08-29 Batch,2026-08-30T06:52:00,CLEAN_MATCH
setl_0053,mer_001,43108.93,43662.7,469.3,84.47,AXIS90931259,processed,2026-08-30 Batch,2026-08-31T06:41:00,DUPLICATE_BANK_ENTRY
setl_0054,mer_001,35594.39,35933.6,287.47,51.74,AXIS67640289,processed,2026-08-27 Batch,2026-08-28T09:58:00,CLEAN_MATCH
setl_0055,mer_001,6858.54,14984.4,119.88,21.58,AXIS58480869,processed,2026-08-22 Batch,2026-08-23T05:23:00,CLEAN_MATCH
setl_0056,mer_001,26270.96,26833.43,476.67,85.8,AXIS23445578,processed,2026-08-30 Batch,2026-08-31T05:08:00,CLEAN_MATCH
setl_0057,mer_001,46443.63,52185.65,628.83,113.19,AXIS28637880,processed,2026-08-29 Batch,2026-08-30T21:59:00,CLEAN_MATCH
setl_0058,mer_001,26950.91,27350.71,338.81,60.99,AXIS43358157,processed,2026-08-28 Batch,2026-08-29T07:29:00,CLEAN_MATCH
setl_0059,mer_001,32242.9,32662.7,355.76,64.04,AXIS65448912,processed,2026-08-26 Batch,2026-08-27T21:08:00,CLEAN_MATCH
setl_0060,mer_001,7924.48,8000.0,64.0,11.52,AXIS95064149,processed,2026-08-27 Batch,2026-08-28T18:56:00,MISSING_BANK_ENTRY
setl_0061,mer_001,55237.21,55763.62,446.11,80.3,AXIS69633763,processed,2026-08-28 Batch,2026-08-29T16:34:00,CLEAN_MATCH
setl_0062,mer_001,20552.4,20748.27,165.99,29.88,AXIS56752592,processed,2026-08-18 Batch,2026-08-19T08:43:00,TIMING_DIFFERENCE
setl_0063,mer_001,49120.34,50083.08,815.88,146.86,AXIS61654839,processed,2026-08-30 Batch,2026-08-31T10:40:00,CLEAN_MATCH
setl_0064,mer_001,81047.65,82135.87,922.22,166.0,AXIS86758128,processed,2026-08-30 Batch,2026-08-31T08:14:00,CLEAN_MATCH
setl_0065,mer_001,28791.73,29066.1,232.52,41.85,AXIS83651529,processed,2026-08-26 Batch,2026-08-27T07:16:00,CLEAN_MATCH
setl_0066,mer_001,26823.8,27183.66,304.97,54.89,AXIS98938318,processed,2026-08-26 Batch,2026-08-27T12:10:00,CLEAN_MATCH
setl_0067,mer_001,6933.92,7000.0,56.0,10.08,AXIS68370404,processed,2026-08-28 Batch,2026-08-29T15:52:00,CLEAN_MATCH
setl_0068,mer_001,22782.88,23000.0,184.0,33.12,AXIS39578370,processed,2026-08-28 Batch,2026-08-29T15:27:00,CLEAN_MATCH
setl_0069,mer_001,39847.7,40377.55,449.02,80.83,AXIS28220919,processed,2026-08-25 Batch,2026-08-26T12:53:00,CLEAN_MATCH
setl_0070,mer_001,12340.19,12457.79,99.66,17.94,AXIS87305664,processed,2026-08-26 Batch,2026-08-27T09:39:00,CLEAN_MATCH
setl_0071,mer_001,50341.64,51019.14,574.15,103.35,AXIS96181498,processed,2026-08-27 Batch,2026-08-28T12:03:00,CLEAN_MATCH
setl_0072,mer_001,23999.63,24228.35,193.83,34.89,AXIS49054205,processed,2026-08-20 Batch,2026-08-21T08:05:00,CLEAN_MATCH
setl_0073,mer_001,5496.52,5629.38,112.59,20.27,AXIS25583513,processed,2026-08-23 Batch,2026-08-24T19:40:00,CLEAN_MATCH
setl_0074,mer_001,37924.51,38300.7,318.8,57.39,AXIS10225283,processed,2026-08-26 Batch,2026-08-27T21:56:00,CLEAN_MATCH
setl_0075,mer_001,22216.8,22500.0,240.0,43.2,AXIS66867849,processed,2026-08-27 Batch,2026-08-28T20:21:00,CLEAN_MATCH
setl_0076,mer_001,23859.52,24201.26,289.61,52.13,AXIS99086047,processed,2026-08-25 Batch,2026-08-26T20:23:00,CLEAN_MATCH
setl_0077,mer_001,24104.5,24477.17,315.82,56.85,AXIS52402900,processed,2026-08-26 Batch,2026-08-27T13:34:00,CLEAN_MATCH
setl_0078,mer_001,25259.28,25500.0,204.0,36.72,AXIS71174364,processed,2026-08-30 Batch,2026-08-31T10:48:00,CLEAN_MATCH
setl_0079,mer_001,43254.08,43737.76,409.9,73.78,AXIS52968377,processed,2026-08-27 Batch,2026-08-28T06:20:00,CLEAN_MATCH
setl_0080,mer_001,17233.32,17500.0,226.0,40.68,AXIS87037211,processed,2026-08-21 Batch,2026-08-22T17:19:00,CLEAN_MATCH
setl_0081,mer_001,17379.33,17654.38,233.09,41.96,AXIS60560976,processed,2026-08-28 Batch,2026-08-29T20:19:00,REFUND_MISMATCH
setl_0082,mer_001,39516.2,40000.0,410.0,73.8,AXIS38268009,processed,2026-08-30 Batch,2026-08-31T04:41:00,CLEAN_MATCH
setl_0083,mer_001,25139.19,25500.28,306.01,55.08,AXIS62587561,processed,2026-08-29 Batch,2026-08-30T17:06:00,REFUND_MISMATCH
setl_0084,mer_001,7811.2,8000.0,160.0,28.8,AXIS83543652,processed,2026-08-19 Batch,2026-08-21T01:05:00,CLEAN_MATCH
setl_0085,mer_001,14363.12,14500.0,116.0,20.88,AXIS62527814,processed,2026-08-28 Batch,2026-08-29T16:57:00,CLEAN_MATCH
setl_0086,mer_001,21602.08,21807.94,174.46,31.4,AXIS36184828,processed,2026-08-29 Batch,2026-08-30T15:43:00,CLEAN_MATCH
setl_0087,mer_001,6593.02,6655.85,53.25,9.58,AXIS50812122,processed,2026-08-20 Batch,2026-08-21T14:06:00,CLEAN_MATCH
setl_0088,mer_001,22552.58,22767.51,182.14,32.79,AXIS74752231,processed,2026-08-26 Batch,2026-08-27T06:42:00,MISSING_BANK_ENTRY
setl_0089,mer_001,46526.58,47223.33,590.47,106.28,AXIS36260378,processed,2026-08-27 Batch,2026-08-28T12:46:00,CLEAN_MATCH
setl_0090,mer_001,2476.4,2500.0,20.0,3.6,AXIS29811269,processed,2026-08-21 Batch,2026-08-22T23:18:00,TIMING_DIFFERENCE
setl_0091,mer_001,2476.4,2500.0,20.0,3.6,AXIS22891308,processed,2026-08-28 Batch,2026-08-30T00:23:00,REFUND_MISMATCH
setl_0092,mer_001,1569.14,1584.09,12.67,2.28,AXIS79180538,processed,2026-08-23 Batch,2026-08-24T10:13:00,CLEAN_MATCH
setl_0093,mer_001,13207.87,13433.8,191.47,34.46,AXIS14562440,processed,2026-08-25 Batch,2026-08-26T01:37:00,CLEAN_MATCH
setl_0094,mer_001,28598.94,28963.89,309.28,55.67,AXIS90014633,processed,2026-08-21 Batch,2026-08-23T01:49:00,CLEAN_MATCH
setl_0095,mer_001,28132.42,28400.52,227.2,40.9,AXIS97283256,processed,2026-08-27 Batch,2026-08-28T08:56:00,CLEAN_MATCH
setl_0096,mer_001,21239.79,21540.89,255.17,45.93,AXIS11557250,processed,2026-08-28 Batch,2026-08-30T00:39:00,CLEAN_MATCH
setl_0097,mer_001,53513.24,54137.59,529.11,95.24,AXIS99763770,processed,2026-08-28 Batch,2026-08-29T22:34:00,CLEAN_MATCH
setl_0098,mer_001,29177.65,29455.72,235.65,42.42,AXIS46738721,processed,2026-08-29 Batch,2026-08-30T06:48:00,CLEAN_MATCH
setl_0099,mer_001,40750.83,41253.53,426.02,76.68,AXIS96516297,processed,2026-08-29 Batch,2026-08-31T00:29:00,CLEAN_MATCH
setl_0100,mer_001,19053.08,19513.6,390.27,70.25,AXIS18522597,processed,2026-08-30 Batch,2026-08-31T08:48:00,CLEAN_MATCH
setl_0101,mer_001,35918.07,39067.69,360.22,64.84,AXIS84633131,processed,2026-08-29 Batch,2026-08-30T21:05:00,CLEAN_MATCH
setl_0102,mer_001,49499.09,50126.55,531.75,95.71,AXIS97469782,processed,2026-08-29 Batch,2026-08-30T19:08:00,CLEAN_MATCH
setl_0103,mer_001,12693.2,13000.0,260.0,46.8,AXIS90410190,processed,2026-08-26 Batch,2026-08-27T11:54:00,CLEAN_MATCH
setl_0104,mer_001,4952.8,5000.0,40.0,7.2,AXIS15253706,processed,2026-08-24 Batch,2026-08-25T13:33:00,CLEAN_MATCH
setl_0105,mer_001,6876.1,7000.0,105.0,18.9,AXIS85496963,processed,2026-08-24 Batch,2026-08-26T01:23:00,AMOUNT_MISMATCH
setl_0106,mer_001,27194.97,27454.14,219.63,39.54,AXIS50074450,processed,2026-08-27 Batch,2026-08-28T09:47:00,TIMING_DIFFERENCE
setl_0107,mer_001,36870.14,37373.58,426.64,76.8,AXIS10011484,processed,2026-08-26 Batch,2026-08-27T10:07:00,CLEAN_MATCH
setl_0108,mer_001,44576.38,45001.19,360.01,64.8,AXIS81686010,processed,2026-08-28 Batch,2026-08-29T05:02:00,CLEAN_MATCH
setl_0109,mer_001,34395.96,34923.88,447.39,80.53,AXIS57260360,processed,2026-08-26 Batch,2026-08-27T21:20:00,CLEAN_MATCH
setl_0110,mer_001,9747.82,9840.72,78.73,14.17,AXIS14930347,processed,2026-08-28 Batch,2026-08-29T21:09:00,CLEAN_MATCH
setl_0111,mer_001,12329.18,12525.66,166.51,29.97,AXIS90818451,processed,2026-08-26 Batch,2026-08-27T07:05:00,CLEAN_MATCH
setl_0112,mer_001,28480.17,28770.77,246.27,44.33,AXIS93525402,processed,2026-08-28 Batch,2026-08-29T05:15:00,CLEAN_MATCH
setl_0113,mer_001,14823.0,15000.0,150.0,27.0,AXIS97210510,processed,2026-08-27 Batch,2026-08-28T23:22:00,CLEAN_MATCH
setl_0114,mer_001,41311.94,41805.71,418.45,75.32,AXIS67088619,processed,2026-08-25 Batch,2026-08-26T23:37:00,CLEAN_MATCH
setl_0115,mer_001,27596.85,37164.46,516.05,92.89,AXIS96647103,processed,2026-08-28 Batch,2026-08-29T05:02:00,CLEAN_MATCH
setl_0116,mer_001,49641.63,50559.22,777.62,139.97,AXIS32017488,processed,2026-08-23 Batch,2026-08-24T15:21:00,AMOUNT_MISMATCH
setl_0117,mer_001,7924.48,8000.0,64.0,11.52,AXIS91014793,processed,2026-08-23 Batch,2026-08-24T23:11:00,CLEAN_MATCH
setl_0118,mer_001,9905.6,10000.0,80.0,14.4,AXIS83600812,processed,2026-08-18 Batch,2026-08-19T21:36:00,CLEAN_MATCH
setl_0119,mer_001,28726.22,29035.72,262.29,47.21,AXIS54763940,processed,2026-08-27 Batch,2026-08-29T02:11:00,CLEAN_MATCH
setl_0120,mer_001,14698.56,14838.64,118.71,21.37,AXIS11323834,processed,2026-08-25 Batch,2026-08-26T23:12:00,CLEAN_MATCH
setl_0121,mer_001,7487.11,7668.07,153.36,27.6,AXIS26576358,processed,2026-08-29 Batch,2026-08-30T04:56:00,CLEAN_MATCH
setl_0122,mer_001,30035.08,30500.0,394.0,70.92,AXIS22823236,processed,2026-08-29 Batch,2026-08-30T03:54:00,CLEAN_MATCH
setl_0123,mer_001,31365.87,31764.85,338.12,60.86,AXIS46380247,processed,2026-08-29 Batch,2026-08-30T02:56:00,MISSING_BANK_ENTRY
setl_0124,mer_001,39943.92,40438.95,419.52,75.51,AXIS34249450,processed,2026-08-23 Batch,2026-08-24T12:55:00,CLEAN_MATCH
setl_0125,mer_001,26235.01,26520.77,242.17,43.59,AXIS89808139,processed,2026-08-26 Batch,2026-08-27T13:41:00,CLEAN_MATCH
setl_0126,mer_001,2476.4,2500.0,20.0,3.6,AXIS78929583,processed,2026-08-28 Batch,2026-08-29T16:53:00,CLEAN_MATCH
setl_0127,mer_001,41872.97,42535.54,561.5,101.07,AXIS45885781,processed,2026-08-29 Batch,2026-08-30T20:23:00,DUPLICATE_BANK_ENTRY
setl_0128,mer_001,39401.52,40479.22,507.19,91.29,AXIS43435196,processed,2026-08-28 Batch,2026-08-29T05:12:00,CLEAN_MATCH
setl_0129,mer_001,34017.94,34456.49,371.65,66.9,AXIS72903261,processed,2026-08-24 Batch,2026-08-25T13:38:00,CLEAN_MATCH
setl_0130,mer_001,39315.83,39885.75,482.98,86.94,AXIS40704198,processed,2026-08-25 Batch,2026-08-26T15:42:00,CLEAN_MATCH
setl_0131,mer_001,44928.68,45356.85,362.86,65.31,AXIS51974837,processed,2026-08-29 Batch,2026-08-31T00:39:00,CLEAN_MATCH
setl_0132,mer_001,9764.0,10000.0,200.0,36.0,AXIS32161108,processed,2026-08-25 Batch,2026-08-27T00:11:00,CLEAN_MATCH
setl_0133,mer_001,34497.0,34825.76,278.61,50.15,AXIS11435415,processed,2026-08-29 Batch,2026-08-30T18:32:00,CLEAN_MATCH
setl_0134,mer_001,23736.36,24029.27,248.23,44.68,AXIS76814283,processed,2026-08-28 Batch,2026-08-29T04:28:00,CLEAN_MATCH
setl_0135,mer_001,43114.68,43632.79,439.07,79.04,AXIS10978481,processed,2026-08-29 Batch,2026-08-31T01:13:00,CLEAN_MATCH
setl_0136,mer_001,22761.2,23209.84,380.2,68.44,AXIS98741286,processed,2026-08-25 Batch,2026-08-26T08:48:00,CLEAN_MATCH
setl_0137,mer_001,17831.02,18000.95,144.01,25.92,AXIS33463164,processed,2026-08-25 Batch,2026-08-26T08:56:00,CLEAN_MATCH
setl_0138,mer_001,33655.94,34076.74,356.61,64.19,AXIS16832563,processed,2026-08-30 Batch,2026-08-31T06:18:00,CLEAN_MATCH
setl_0139,mer_001,19154.67,19617.64,392.35,70.62,AXIS55360034,processed,2026-08-26 Batch,2026-08-27T20:13:00,AMOUNT_MISMATCH
setl_0140,mer_001,14843.13,15073.35,195.1,35.12,AXIS74843897,processed,2026-08-28 Batch,2026-08-30T02:53:00,CLEAN_MATCH
setl_0141,mer_001,26065.54,26528.37,392.23,70.6,AXIS39187415,processed,2026-08-25 Batch,2026-08-26T05:22:00,DUPLICATE_BANK_ENTRY
setl_0142,mer_001,5262.48,5389.67,107.79,19.4,AXIS72150455,processed,2026-08-17 Batch,2026-08-19T02:34:00,CLEAN_MATCH
setl_0143,mer_001,8813.21,8897.2,71.18,12.81,AXIS54097476,processed,2026-08-27 Batch,2026-08-28T15:24:00,CLEAN_MATCH
setl_0144,mer_001,29128.04,33195.11,430.72,77.53,AXIS34985664,processed,2026-08-28 Batch,2026-08-29T06:34:00,CLEAN_MATCH
setl_0145,mer_001,24857.82,25094.72,200.76,36.14,AXIS36513965,processed,2026-08-29 Batch,2026-08-30T07:01:00,CLEAN_MATCH
setl_0146,mer_001,22262.64,22474.8,179.8,32.36,AXIS75419352,processed,2026-08-19 Batch,2026-08-20T05:53:00,CLEAN_MATCH
setl_0147,mer_001,5511.37,5640.71,109.61,19.73,AXIS73176107,processed,2026-08-30 Batch,2026-08-31T06:29:00,CLEAN_MATCH
setl_0148,mer_001,7429.2,7500.0,60.0,10.8,AXIS81998064,processed,2026-08-22 Batch,2026-08-23T22:39:00,CLEAN_MATCH
setl_0149,mer_001,9173.79,9261.22,74.09,13.34,AXIS28773624,processed,2026-08-26 Batch,2026-08-27T22:56:00,CLEAN_MATCH
setl_0150,mer_001,44701.12,45274.63,486.02,87.49,AXIS36637470,processed,2026-08-29 Batch,2026-08-30T10:54:00,CLEAN_MATCH
setl_0151,mer_001,16922.42,17198.05,233.58,42.05,AXIS66513148,processed,2026-08-29 Batch,2026-08-31T02:56:00,MISSING_BANK_ENTRY
setl_0152,mer_001,44875.7,45303.36,362.42,65.24,AXIS99287389,processed,2026-08-26 Batch,2026-08-27T15:42:00,CLEAN_MATCH
setl_0153,mer_001,42635.19,43041.5,344.33,61.98,AXIS27103900,processed,2026-08-23 Batch,2026-08-24T20:10:00,CLEAN_MATCH
setl_0154,mer_001,31906.11,32353.12,378.82,68.19,AXIS62190363,processed,2026-08-29 Batch,2026-08-30T13:18:00,CLEAN_MATCH
setl_0155,mer_001,13693.02,13923.58,195.39,35.17,AXIS30876492,processed,2026-08-26 Batch,2026-08-27T06:16:00,CLEAN_MATCH
setl_0156,mer_001,7924.48,8000.0,64.0,11.52,AXIS55921387,processed,2026-08-28 Batch,2026-08-29T11:25:00,REFUND_MISMATCH
setl_0157,mer_001,27127.18,27643.01,437.15,78.68,AXIS74450415,processed,2026-08-25 Batch,2026-08-26T12:51:00,CLEAN_MATCH
setl_0158,mer_001,12806.48,13000.0,164.0,29.52,AXIS92894635,processed,2026-08-28 Batch,2026-08-29T06:32:00,CLEAN_MATCH
setl_0159,mer_001,12469.11,12604.26,114.53,20.62,AXIS25437721,processed,2026-08-20 Batch,2026-08-21T15:51:00,FEE_TAX_MISMATCH
setl_0160,mer_001,17634.2,18000.0,310.0,55.8,AXIS73604818,processed,2026-08-28 Batch,2026-08-29T10:30:00,CLEAN_MATCH
setl_0161,mer_001,11716.8,12000.0,240.0,43.2,AXIS35322723,processed,2026-08-28 Batch,2026-08-29T21:04:00,CLEAN_MATCH
setl_0162,mer_001,7924.48,8000.0,64.0,11.52,AXIS46757086,processed,2026-08-27 Batch,2026-08-28T08:59:00,DUPLICATE_BANK_ENTRY
setl_0163,mer_001,36589.25,39767.47,399.35,71.88,AXIS36795696,processed,2026-08-28 Batch,2026-08-29T03:02:00,AMOUNT_MISMATCH
setl_0164,mer_001,35462.7,35979.34,437.83,78.81,AXIS95001425,processed,2026-08-27 Batch,2026-08-28T22:23:00,CLEAN_MATCH
setl_0165,mer_001,7924.48,8000.0,64.0,11.52,AXIS78432746,processed,2026-08-21 Batch,2026-08-22T16:22:00,CLEAN_MATCH
setl_0166,mer_001,31390.99,31790.21,338.32,60.9,AXIS58798364,processed,2026-08-23 Batch,2026-08-24T08:09:00,TIMING_DIFFERENCE
setl_0167,mer_001,9338.6,9427.6,75.42,13.58,AXIS52928316,processed,2026-08-22 Batch,2026-08-23T21:47:00,CLEAN_MATCH
setl_0168,mer_001,55585.42,56181.86,505.46,90.98,AXIS53169737,processed,2026-08-30 Batch,2026-08-31T02:35:00,CLEAN_MATCH
setl_0169,mer_001,7924.48,8000.0,64.0,11.52,AXIS67835429,processed,2026-08-23 Batch,2026-08-24T15:22:00,CLEAN_MATCH
setl_0170,mer_001,24706.18,25000.0,249.0,44.82,AXIS50850064,processed,2026-08-27 Batch,2026-08-28T23:51:00,CLEAN_MATCH
setl_0171,mer_001,17830.08,18000.0,144.0,25.92,AXIS54454486,processed,2026-08-23 Batch,2026-08-24T20:26:00,CLEAN_MATCH
setl_0172,mer_001,16497.59,16840.65,290.73,52.33,AXIS91163313,processed,2026-08-28 Batch,2026-08-29T16:03:00,CLEAN_MATCH
setl_0173,mer_001,32181.47,32731.17,465.85,83.85,AXIS61546232,processed,2026-08-25 Batch,2026-08-26T14:44:00,MISSING_BANK_ENTRY
setl_0174,mer_001,2500.0,2500.0,50.0,9.0,AXIS15508152,processed,2026-08-23 Batch,2026-08-24T10:12:00,CLEAN_MATCH
setl_0175,mer_001,9905.6,10000.0,80.0,14.4,AXIS83360594,processed,2026-08-24 Batch,2026-08-25T10:31:00,CLEAN_MATCH
setl_0176,mer_001,44768.34,45261.69,418.09,75.26,AXIS30625554,processed,2026-08-28 Batch,2026-08-29T06:32:00,CLEAN_MATCH
setl_0177,mer_001,44263.68,45000.0,624.0,112.32,AXIS43893399,processed,2026-08-29 Batch,2026-08-30T14:29:00,MISSING_BANK_ENTRY
setl_0178,mer_001,24506.76,33000.0,418.0,75.24,AXIS19087680,processed,2026-08-29 Batch,2026-08-30T23:35:00,CLEAN_MATCH
setl_0179,mer_001,29696.73,29979.74,239.84,43.17,AXIS90417043,processed,2026-08-22 Batch,2026-08-23T23:09:00,CLEAN_MATCH
setl_0180,mer_001,9764.0,10000.0,200.0,36.0,AXIS85990691,processed,2026-08-27 Batch,2026-08-28T08:36:00,CLEAN_MATCH
setl_0181,mer_001,39890.26,42360.95,398.89,71.8,AXIS63350718,processed,2026-08-29 Batch,2026-08-30T08:59:00,CLEAN_MATCH
setl_0182,mer_001,6933.92,7000.0,56.0,10.08,AXIS32215479,processed,2026-08-30 Batch,2026-08-31T07:05:00,CLEAN_MATCH
setl_0183,mer_001,26492.67,26745.15,213.96,38.52,AXIS63801036,processed,2026-08-29 Batch,2026-08-30T19:12:00,CLEAN_MATCH
setl_0184,mer_001,46649.25,47093.81,376.75,67.81,AXIS39233657,processed,2026-08-23 Batch,2026-08-24T03:59:00,MISSING_BANK_ENTRY
setl_0185,mer_001,30594.08,31000.0,344.0,61.92,AXIS77621275,processed,2026-08-25 Batch,2026-08-26T20:56:00,CLEAN_MATCH
setl_0186,mer_001,47281.84,52233.55,597.87,107.61,AXIS46039426,processed,2026-08-29 Batch,2026-08-30T14:41:00,CLEAN_MATCH
setl_0187,mer_001,18109.21,18477.56,312.16,56.19,AXIS49170544,processed,2026-08-23 Batch,2026-08-24T05:31:00,CLEAN_MATCH
setl_0188,mer_001,6089.7,6147.73,49.18,8.85,AXIS16914893,processed,2026-08-28 Batch,2026-08-29T23:46:00,REFUND_MISMATCH
setl_0189,mer_001,7924.48,8000.0,64.0,11.52,AXIS10187899,processed,2026-08-21 Batch,2026-08-22T21:39:00,CLEAN_MATCH
setl_0190,mer_001,9905.6,10000.0,80.0,14.4,AXIS83722452,processed,2026-08-23 Batch,2026-08-24T15:11:00,CLEAN_MATCH
setl_0191,mer_001,17334.8,17500.0,140.0,25.2,AXIS53571790,processed,2026-08-26 Batch,2026-08-27T22:46:00,CLEAN_MATCH
setl_0192,mer_001,9124.66,9211.61,73.69,13.26,AXIS47539330,processed,2026-08-20 Batch,2026-08-21T10:49:00,CLEAN_MATCH
setl_0193,mer_001,50048.1,50909.13,729.68,131.35,AXIS88283995,processed,2026-08-29 Batch,2026-08-30T05:19:00,CLEAN_MATCH
setl_0194,mer_001,37514.65,37872.17,302.98,54.54,AXIS44540283,processed,2026-08-28 Batch,2026-08-29T21:16:00,AMOUNT_MISMATCH
setl_0195,mer_001,14646.0,15000.0,300.0,54.0,AXIS88069593,processed,2026-08-24 Batch,2026-08-25T13:53:00,CLEAN_MATCH
setl_0196,mer_001,20546.91,21028.62,408.23,73.48,AXIS29909077,processed,2026-08-25 Batch,2026-08-26T23:51:00,CLEAN_MATCH
setl_0197,mer_001,9862.79,10071.14,176.57,31.78,AXIS33637158,processed,2026-08-22 Batch,2026-08-23T07:34:00,CLEAN_MATCH
setl_0198,mer_001,26520.26,27462.44,295.44,53.18,AXIS47855338,processed,2026-08-30 Batch,2026-08-31T02:09:00,CLEAN_MATCH
setl_0199,mer_001,65275.88,66299.28,867.29,156.11,AXIS91580498,processed,2026-08-30 Batch,2026-08-31T05:40:00,CLEAN_MATCH
setl_0200,mer_001,17764.0,18000.0,200.0,36.0,AXIS71072308,processed,2026-08-22 Batch,2026-08-23T16:22:00,CLEAN_MATCH
setl_0201,mer_001,57325.89,58226.72,763.42,137.41,AXIS11582229,processed,2026-08-28 Batch,2026-08-30T00:11:00,CLEAN_MATCH
setl_0202,mer_001,2065.83,2115.77,42.32,7.62,AXIS96500924,processed,2026-08-25 Batch,2026-08-26T14:28:00,CLEAN_MATCH
setl_0203,mer_001,11032.98,11138.11,89.1,16.03,AXIS29144226,processed,2026-08-28 Batch,2026-08-29T07:19:00,CLEAN_MATCH
setl_0204,mer_001,30027.81,30313.98,242.52,43.65,AXIS55417925,processed,2026-08-28 Batch,2026-08-29T21:53:00,CLEAN_MATCH
setl_0205,mer_001,21110.67,21468.65,303.37,54.61,AXIS31896876,processed,2026-08-24 Batch,2026-08-25T06:19:00,CLEAN_MATCH
setl_0206,mer_001,9905.6,10000.0,80.0,14.4,AXIS82950883,processed,2026-08-23 Batch,2026-08-24T06:46:00,CLEAN_MATCH
setl_0207,mer_001,12885.71,13008.51,104.07,18.73,AXIS23799637,processed,2026-08-30 Batch,2026-08-31T07:47:00,CLEAN_MATCH
setl_0208,mer_001,23596.34,23864.28,227.07,40.87,AXIS10162459,processed,2026-08-25 Batch,2026-08-26T20:51:00,CLEAN_MATCH
setl_0209,mer_001,30145.21,30604.3,389.06,70.03,AXIS57420453,processed,2026-08-26 Batch,2026-08-27T16:42:00,CLEAN_MATCH
setl_0210,mer_001,43796.72,44500.0,596.0,107.28,AXIS25087236,processed,2026-08-26 Batch,2026-08-28T01:30:00,CLEAN_MATCH
setl_0211,mer_001,19336.93,19521.21,156.17,28.11,AXIS47824471,processed,2026-08-16 Batch,2026-08-17T09:00:00,CLEAN_MATCH
setl_0212,mer_001,28994.96,29391.29,335.87,60.46,AXIS21382241,processed,2026-08-26 Batch,2026-08-27T19:16:00,CLEAN_MATCH
setl_0213,mer_001,18471.5,19360.17,288.82,51.98,AXIS54942009,processed,2026-08-27 Batch,2026-08-28T08:49:00,CLEAN_MATCH
setl_0214,mer_001,26772.76,27142.27,313.14,56.37,AXIS48521233,processed,2026-08-29 Batch,2026-08-30T15:40:00,MISSING_BANK_ENTRY
setl_0215,mer_001,38865.2,39486.75,526.74,94.81,AXIS59541440,processed,2026-08-28 Batch,2026-08-30T02:01:00,CLEAN_MATCH
setl_0216,mer_001,6933.92,7000.0,56.0,10.08,AXIS29950518,processed,2026-08-29 Batch,2026-08-30T10:43:00,CLEAN_MATCH
setl_0217,mer_001,28880.5,36500.0,525.0,94.5,AXIS74214057,processed,2026-08-28 Batch,2026-08-29T01:44:00,CLEAN_MATCH
setl_0218,mer_001,14858.4,15000.0,120.0,21.6,AXIS22139593,processed,2026-08-26 Batch,2026-08-27T09:13:00,FEE_TAX_MISMATCH
setl_0219,mer_001,5458.15,5510.16,44.08,7.93,AXIS52857838,processed,2026-08-29 Batch,2026-08-31T03:02:00,CLEAN_MATCH
setl_0220,mer_001,36845.8,37466.42,525.95,94.67,AXIS95443567,processed,2026-08-26 Batch,2026-08-27T07:57:00,CLEAN_MATCH
setl_0221,mer_001,13852.05,13984.06,111.87,20.14,AXIS66191544,processed,2026-08-25 Batch,2026-08-26T15:01:00,CLEAN_MATCH
setl_0222,mer_001,13615.28,13843.93,193.77,34.88,AXIS40885447,processed,2026-08-27 Batch,2026-08-28T19:08:00,CLEAN_MATCH
setl_0223,mer_001,38705.33,39145.67,373.17,67.17,AXIS87561262,processed,2026-08-28 Batch,2026-08-29T17:33:00,CLEAN_MATCH
setl_0224,mer_001,19415.82,19600.86,156.81,28.23,AXIS37283734,processed,2026-08-21 Batch,2026-08-23T00:47:00,CLEAN_MATCH
setl_0225,mer_001,4882.0,5000.0,100.0,18.0,AXIS17996341,processed,2026-08-24 Batch,2026-08-25T08:21:00,CLEAN_MATCH
setl_0226,mer_001,25641.28,26000.0,304.0,54.72,AXIS71792283,processed,2026-08-24 Batch,2026-08-25T15:57:00,AMOUNT_MISMATCH
setl_0227,mer_001,4952.8,5000.0,40.0,7.2,AXIS40143583,processed,2026-08-23 Batch,2026-08-24T03:10:00,CLEAN_MATCH
setl_0228,mer_001,35962.06,46316.01,697.18,125.5,AXIS13536218,processed,2026-08-29 Batch,2026-08-30T23:09:00,CLEAN_MATCH
setl_0229,mer_001,33004.4,34500.0,420.0,75.6,AXIS88061980,processed,2026-08-25 Batch,2026-08-26T05:32:00,CLEAN_MATCH
setl_0230,mer_001,15706.36,15856.04,126.85,22.83,AXIS29714795,processed,2026-08-28 Batch,2026-08-30T00:18:00,CLEAN_MATCH
setl_0231,mer_001,8000.0,8000.0,64.0,11.52,AXIS86394469,processed,2026-08-26 Batch,2026-08-28T03:14:00,CLEAN_MATCH
setl_0232,mer_001,38457.0,38823.48,310.58,55.9,AXIS28805567,processed,2026-08-28 Batch,2026-08-29T15:23:00,CLEAN_MATCH
setl_0233,mer_001,18893.59,19073.65,152.59,27.47,AXIS96549919,processed,2026-08-29 Batch,2026-08-30T15:06:00,CLEAN_MATCH
setl_0234,mer_001,15800.52,23117.87,268.94,48.41,AXIS14310953,processed,2026-08-29 Batch,2026-08-30T19:02:00,CLEAN_MATCH
setl_0235,mer_001,48431.37,49281.71,720.63,129.71,AXIS70974645,processed,2026-08-29 Batch,2026-08-30T10:30:00,DUPLICATE_BANK_ENTRY
setl_0236,mer_001,39454.74,39945.1,415.56,74.8,AXIS40509683,processed,2026-08-28 Batch,2026-08-30T02:12:00,DUPLICATE_BANK_ENTRY
setl_0237,mer_001,39771.63,40235.78,393.35,70.8,AXIS60675282,processed,2026-08-29 Batch,2026-08-30T14:24:00,CLEAN_MATCH
setl_0238,mer_001,9764.0,10000.0,200.0,36.0,AXIS39381121,processed,2026-08-25 Batch,2026-08-26T10:31:00,CLEAN_MATCH
setl_0239,mer_001,34898.31,35230.88,281.84,50.73,AXIS20362848,processed,2026-08-30 Batch,2026-08-31T11:04:00,CLEAN_MATCH
setl_0240,mer_001,19393.05,19770.67,320.01,57.61,AXIS32122351,processed,2026-08-24 Batch,2026-08-25T13:37:00,CLEAN_MATCH
setl_0241,mer_001,9905.6,10000.0,80.0,14.4,AXIS46227990,processed,2026-08-20 Batch,2026-08-21T05:32:00,CLEAN_MATCH
setl_0242,mer_001,22925.05,23316.26,331.53,59.68,AXIS13764654,processed,2026-08-27 Batch,2026-08-28T07:03:00,CLEAN_MATCH
setl_0243,mer_001,7924.48,8000.0,64.0,11.52,AXIS38442071,processed,2026-08-20 Batch,2026-08-21T07:38:00,CLEAN_MATCH
setl_0244,mer_001,23588.49,23963.37,317.7,57.18,AXIS37075194,processed,2026-08-29 Batch,2026-08-30T12:25:00,CLEAN_MATCH
setl_0245,mer_001,38346.1,38841.91,420.18,75.63,AXIS16022958,processed,2026-08-28 Batch,2026-08-29T10:15:00,CLEAN_MATCH
setl_0246,mer_001,9560.58,12080.31,96.64,17.4,AXIS11137995,processed,2026-08-28 Batch,2026-08-29T17:58:00,CLEAN_MATCH
setl_0247,mer_001,6704.18,6829.97,106.6,19.19,AXIS52207776,processed,2026-08-26 Batch,2026-08-27T21:32:00,CLEAN_MATCH
setl_0248,mer_001,40867.7,41753.97,751.08,135.19,AXIS64665076,processed,2026-08-28 Batch,2026-08-29T20:51:00,CLEAN_MATCH
setl_0249,mer_001,7000.0,7000.0,105.0,18.9,AXIS88809362,processed,2026-08-30 Batch,2026-08-31T07:14:00,CLEAN_MATCH
setl_0250,mer_001,33609.45,34072.7,392.58,70.67,AXIS31638985,processed,2026-08-22 Batch,2026-08-23T14:14:00,CLEAN_MATCH
setl_0251,mer_001,36332.12,39500.0,566.0,101.88,AXIS41080809,processed,2026-08-27 Batch,2026-08-28T06:16:00,CLEAN_MATCH
setl_0252,mer_001,47895.23,48454.11,473.63,85.25,AXIS31615365,processed,2026-08-29 Batch,2026-08-30T22:56:00,CLEAN_MATCH
setl_0253,mer_001,14908.26,15074.71,141.06,25.39,AXIS58360842,processed,2026-08-18 Batch,2026-08-19T22:11:00,CLEAN_MATCH
setl_0254,mer_001,12371.56,12554.57,155.09,27.92,AXIS38027431,processed,2026-08-17 Batch,2026-08-18T10:05:00,TIMING_DIFFERENCE
setl_0255,mer_001,20243.35,20436.27,163.49,29.43,AXIS12005448,processed,2026-08-16 Batch,2026-08-17T07:18:00,CLEAN_MATCH
setl_0256,mer_001,6933.92,7000.0,56.0,10.08,AXIS76962870,processed,2026-08-19 Batch,2026-08-20T15:15:00,CLEAN_MATCH
setl_0257,mer_001,29112.37,29489.88,319.92,57.59,AXIS19148527,processed,2026-08-29 Batch,2026-08-30T21:57:00,CLEAN_MATCH
setl_0258,mer_001,4952.8,5000.0,40.0,7.2,AXIS34049971,processed,2026-08-29 Batch,2026-08-31T01:30:00,CLEAN_MATCH
setl_0259,mer_001,36302.97,36852.0,465.28,83.75,AXIS97280725,processed,2026-08-24 Batch,2026-08-25T07:41:00,TIMING_DIFFERENCE
setl_0260,mer_001,7924.48,8000.0,64.0,11.52,AXIS58784400,processed,2026-08-24 Batch,2026-08-25T14:49:00,CLEAN_MATCH
setl_0261,mer_001,32219.25,48052.39,706.05,127.09,AXIS27311971,processed,2026-08-27 Batch,2026-08-28T08:46:00,CLEAN_MATCH
setl_0262,mer_001,11297.53,19595.8,252.77,45.5,AXIS60154896,processed,2026-08-29 Batch,2026-08-30T08:27:00,CLEAN_MATCH
setl_0263,mer_001,24706.18,25000.0,249.0,44.82,AXIS15727818,processed,2026-08-22 Batch,2026-08-23T01:32:00,CLEAN_MATCH
setl_0264,mer_001,7811.2,8000.0,160.0,28.8,AXIS30744991,processed,2026-08-22 Batch,2026-08-23T21:28:00,CLEAN_MATCH
setl_0265,mer_001,30760.66,31089.54,278.71,50.17,AXIS19795032,processed,2026-08-27 Batch,2026-08-28T16:39:00,CLEAN_MATCH
setl_0266,mer_001,16732.73,17032.37,253.93,45.71,AXIS72529032,processed,2026-08-29 Batch,2026-08-31T03:51:00,CLEAN_MATCH
setl_0267,mer_001,3036.72,3110.12,62.2,11.2,AXIS21518907,processed,2026-08-16 Batch,2026-08-17T03:06:00,CLEAN_MATCH
setl_0268,mer_001,21370.31,21688.33,269.51,48.51,AXIS63891165,processed,2026-08-28 Batch,2026-08-29T04:31:00,CLEAN_MATCH
setl_0269,mer_001,29440.67,30851.68,348.31,62.7,AXIS38539411,processed,2026-08-22 Batch,2026-08-23T17:49:00,CLEAN_MATCH
setl_0270,mer_001,27978.84,28539.08,474.78,85.46,AXIS30903218,processed,2026-08-30 Batch,2026-08-31T10:44:00,CLEAN_MATCH
setl_0271,mer_001,25806.05,26183.26,319.67,57.54,AXIS14204135,processed,2026-08-24 Batch,2026-08-25T07:12:00,CLEAN_MATCH
setl_0272,mer_001,28530.85,29017.42,412.35,74.22,AXIS73539966,processed,2026-08-23 Batch,2026-08-24T23:55:00,CLEAN_MATCH
setl_0273,mer_001,44932.63,48653.0,440.99,79.38,AXIS66763408,processed,2026-08-29 Batch,2026-08-31T00:21:00,CLEAN_MATCH
setl_0274,mer_001,6546.58,6608.97,52.87,9.52,AXIS19295792,processed,2026-08-30 Batch,2026-08-31T05:11:00,CLEAN_MATCH
setl_0275,mer_001,27240.4,27500.0,220.0,39.6,AXIS80434503,processed,2026-08-26 Batch,2026-08-27T12:19:00,CLEAN_MATCH
setl_0276,mer_001,6876.1,7000.0,105.0,18.9,AXIS22407255,processed,2026-08-29 Batch,2026-08-30T16:03:00,CLEAN_MATCH
setl_0277,mer_001,11787.6,12000.0,180.0,32.4,AXIS36656353,processed,2026-08-19 Batch,2026-08-20T13:20:00,TIMING_DIFFERENCE
setl_0278,mer_001,44909.15,45600.44,585.84,105.45,AXIS31567333,processed,2026-08-29 Batch,2026-08-30T09:13:00,CLEAN_MATCH
setl_0279,mer_001,24400.19,48538.31,508.31,91.5,AXIS11332984,processed,2026-08-27 Batch,2026-08-28T21:56:00,CLEAN_MATCH
setl_0280,mer_001,24062.28,24990.04,375.32,67.57,AXIS29410197,processed,2026-08-30 Batch,2026-08-31T10:45:00,CLEAN_MATCH
setl_0281,mer_001,19243.58,19426.98,155.42,27.98,AXIS30200610,processed,2026-08-18 Batch,2026-08-19T12:04:00,DUPLICATE_BANK_ENTRY
setl_0282,mer_001,7924.48,8000.0,64.0,11.52,AXIS64544291,processed,2026-08-25 Batch,2026-08-26T12:44:00,CLEAN_MATCH
setl_0283,mer_001,9584.92,9690.36,89.36,16.08,AXIS95133372,processed,2026-08-26 Batch,2026-08-27T10:41:00,CLEAN_MATCH
setl_0284,mer_001,8000.0,8000.0,120.0,21.6,AXIS39343051,processed,2026-08-23 Batch,2026-08-25T01:20:00,CLEAN_MATCH
setl_0285,mer_001,36156.03,36751.36,504.52,90.81,AXIS60674785,processed,2026-08-25 Batch,2026-08-27T01:37:00,CLEAN_MATCH
setl_0286,mer_001,1698.8,1714.99,13.72,2.47,AXIS59694974,processed,2026-08-21 Batch,2026-08-23T00:06:00,CLEAN_MATCH
setl_0287,mer_001,1251.4,1263.33,10.11,1.82,AXIS76992183,processed,2026-08-22 Batch,2026-08-24T02:56:00,CLEAN_MATCH
setl_0288,mer_001,42659.06,43107.29,379.86,68.37,AXIS67156511,processed,2026-08-24 Batch,2026-08-25T05:54:00,CLEAN_MATCH
setl_0289,mer_001,12018.07,12239.82,187.92,33.83,AXIS60079518,processed,2026-08-26 Batch,2026-08-27T18:29:00,CLEAN_MATCH
setl_0290,mer_001,24556.08,24790.1,198.32,35.7,AXIS61212562,processed,2026-08-19 Batch,2026-08-20T17:14:00,AMOUNT_MISMATCH
setl_0291,mer_001,39451.3,40000.0,465.0,83.7,AXIS93265522,processed,2026-08-22 Batch,2026-08-23T15:20:00,FEE_TAX_MISMATCH
setl_0292,mer_001,9823.0,10000.0,150.0,27.0,AXIS97191136,processed,2026-08-21 Batch,2026-08-22T16:19:00,CLEAN_MATCH
setl_0293,mer_001,25442.07,25759.71,269.19,48.45,AXIS93728466,processed,2026-08-29 Batch,2026-08-30T17:06:00,CLEAN_MATCH
setl_0294,mer_001,2476.4,2500.0,20.0,3.6,AXIS99618537,processed,2026-08-27 Batch,2026-08-28T09:54:00,AMOUNT_MISMATCH
setl_0295,mer_001,28689.78,29106.14,352.85,63.51,AXIS61147669,processed,2026-08-25 Batch,2026-08-26T21:21:00,CLEAN_MATCH
setl_0296,mer_001,24764.0,25000.0,200.0,36.0,AXIS72269929,processed,2026-08-19 Batch,2026-08-20T15:10:00,MISSING_BANK_ENTRY
setl_0297,mer_001,9905.6,10000.0,80.0,14.4,AXIS60283839,processed,2026-08-18 Batch,2026-08-19T13:58:00,CLEAN_MATCH
setl_0298,mer_001,13413.64,13541.46,108.33,19.49,AXIS65662309,processed,2026-08-29 Batch,2026-08-30T09:42:00,CLEAN_MATCH
setl_0299,mer_001,9905.6,10000.0,80.0,14.4,AXIS13522788,processed,2026-08-15 Batch,2026-08-16T15:28:00,CLEAN_MATCH
setl_0300,mer_001,47291.23,48081.89,670.05,120.61,AXIS90523345,processed,2026-08-28 Batch,2026-08-29T17:26:00,CLEAN_MATCH
setl_0301,mer_001,14858.4,15000.0,120.0,21.6,AXIS84590103,processed,2026-08-24 Batch,2026-08-25T10:15:00,CLEAN_MATCH
setl_0302,mer_001,12625.1,12745.41,101.96,18.35,AXIS87558199,processed,2026-08-16 Batch,2026-08-17T08:06:00,CLEAN_MATCH
setl_0303,mer_001,28239.21,28660.72,357.21,64.3,AXIS33315937,processed,2026-08-29 Batch,2026-08-30T09:51:00,MISSING_BANK_ENTRY
