settlement_id,payment_id,type,amount,fee,tax
setl_0001,pay_0001,payment,5000.0,40.0,7.2
setl_0002,pay_0002,payment,5000.0,40.0,7.2
setl_0002,pay_0003,payment,8000.0,160.0,28.8
setl_0002,pay_0004,payment,3684.23,29.47,5.3
setl_0002,pay_0005,payment,2738.98,21.91,3.94
setl_0002,pay_0006,payment,5000.0,100.0,18.0
setl_0002,pay_0007,payment,7000.0,56.0,10.08
setl_0003,pay_0008,payment,3968.38,31.75,5.71
setl_0004,pay_0009,payment,5000.0,100.0,18.0
setl_0005,pay_0010,payment,2500.0,20.0,3.6
setl_0005,pay_0011,payment,8000.0,160.0,28.8
setl_0006,pay_0012,payment,2494.38,37.42,6.74
setl_0007,pay_0013,payment,10000.0,80.0,14.4
setl_0008,pay_0014,refund,2500.0,20.0,3.6
setl_0008,pay_0015,payment,7845.38,117.68,21.18
setl_0008,pay_0016,payment,720.96,5.77,1.04
setl_0009,pay_0017,payment,2245.32,17.96,3.23
setl_0009,pay_0018,payment,17056.0,136.45,24.56
setl_0009,pay_0019,payment,5000.0,100.0,18.0
setl_0010,pay_0020,payment,4983.17,39.87,7.18
setl_0011,pay_0021,payment,6393.13,95.9,17.26
setl_0011,pay_0022,payment,10000.0,80.0,14.4
setl_0011,pay_0023,payment,1783.86,35.68,6.42
setl_0011,pay_0024,payment,5000.0,40.0,7.2
setl_0012,pay_0025,payment,7577.96,60.62,10.91
setl_0012,pay_0026,payment,5000.0,75.0,13.5
setl_0013,pay_0027,payment,10000.0,80.0,14.4
setl_0013,pay_0028,payment,1908.66,15.27,2.75
setl_0014,pay_0029,payment,23629.58,189.04,34.03
setl_0014,pay_0030,payment,6213.67,93.21,16.78
setl_0014,pay_0031,payment,2500.0,37.5,6.75
setl_0015,pay_0032,payment,10000.0,80.0,14.4
setl_0015,pay_0033,payment,5000.0,40.0,7.2
setl_0016,pay_0034,refund,8000.0,64.0,11.52
setl_0016,pay_0035,payment,23961.81,191.69,34.5
setl_0016,pay_0036,payment,5000.0,100.0,18.0
setl_0017,pay_0037,payment,7000.0,140.0,25.2
setl_0018,pay_0038,payment,7000.0,56.0,10.08
setl_0019,pay_0039,payment,14276.67,114.21,20.56
setl_0019,pay_0040,payment,5000.0,100.0,18.0
setl_0019,pay_0041,payment,18551.25,278.27,50.09
setl_0019,pay_0042,payment,2500.0,50.0,9.0
setl_0019,pay_0043,payment,7000.0,105.0,18.9
setl_0020,pay_0044,payment,5000.0,40.0,7.2
setl_0021,pay_0045,payment,7000.0,140.0,25.2
setl_0021,pay_0046,payment,8000.0,64.0,11.52
setl_0022,pay_0047,payment,7000.0,105.0,18.9
setl_0022,pay_0048,payment,5000.0,40.0,7.2
setl_0023,pay_0049,payment,8000.0,64.0,11.52
setl_0023,pay_0050,payment,7000.0,140.0,25.2
setl_0024,pay_0051,payment,5000.0,40.0,7.2
setl_0024,pay_0052,payment,16689.96,333.8,60.08
setl_0024,pay_0053,payment,8000.0,64.0,11.52
setl_0025,pay_0054,payment,10000.0,80.0,14.4
setl_0025,pay_0055,payment,1206.35,18.1,3.26
setl_0025,pay_0056,payment,769.36,6.15,1.11
setl_0025,pay_0057,payment,2500.0,20.0,3.6
setl_0026,pay_0058,payment,10000.0,150.0,27.0
setl_0026,pay_0059,payment,10000.0,80.0,14.4
setl_0026,pay_0060,payment,4347.16,34.78,6.26
setl_0026,pay_0061,payment,10000.0,80.0,14.4
setl_0027,pay_0062,payment,7000.0,56.0,10.08
setl_0028,pay_0063,refund,5000.0,40.0,7.2
setl_0028,pay_0064,payment,10000.0,150.0,27.0
setl_0028,pay_0065,payment,7000.0,56.0,10.08
setl_0028,pay_0066,payment,7000.0,56.0,10.08
setl_0028,pay_0067,payment,2500.0,20.0,3.6
setl_0029,pay_0068,payment,8346.46,66.77,12.02
setl_0029,pay_0069,payment,21037.27,168.3,30.29
setl_0029,pay_0070,payment,8000.0,64.0,11.52
setl_0030,pay_0071,payment,5000.0,40.0,7.2
setl_0030,pay_0072,payment,2091.61,16.73,3.01
setl_0031,pay_0073,payment,10000.0,80.0,14.4
setl_0031,pay_0074,payment,8000.0,64.0,11.52
setl_0031,pay_0075,payment,5000.0,100.0,18.0
setl_0031,pay_0076,payment,2500.0,20.0,3.6
setl_0031,pay_0077,payment,8000.0,64.0,11.52
setl_0031,pay_0078,refund,10000.0,80.0,14.4
setl_0032,pay_0079,payment,2500.0,20.0,3.6
setl_0032,pay_0080,payment,8000.0,64.0,11.52
setl_0032,pay_0081,payment,5000.0,40.0,7.2
setl_0032,pay_0082,refund,5000.0,40.0,7.2
setl_0032,pay_0083,payment,17407.1,139.26,25.07
setl_0032,pay_0084,payment,15487.97,123.9,22.3
setl_0033,pay_0085,payment,1241.49,9.93,1.79
setl_0034,pay_0086,payment,5000.0,100.0,18.0
setl_0034,pay_0087,payment,2206.35,17.65,3.18
setl_0034,pay_0088,payment,10669.97,85.36,15.36
setl_0034,pay_0089,payment,8000.0,160.0,28.8
setl_0034,pay_0090,payment,5000.0,40.0,7.2
setl_0035,pay_0091,payment,8000.0,64.0,11.52
setl_0035,pay_0092,payment,8000.0,64.0,11.52
setl_0035,pay_0093,payment,2267.79,18.14,3.27
setl_0035,pay_0094,payment,2499.1,49.98,9.0
setl_0035,pay_0095,payment,10000.0,80.0,14.4
setl_0036,pay_0096,payment,10000.0,80.0,14.4
setl_0036,pay_0097,payment,7000.0,105.0,18.9
setl_0036,pay_0098,payment,10000.0,80.0,14.4
setl_0036,pay_0099,payment,10000.0,80.0,14.4
setl_0037,pay_0100,payment,5529.61,44.24,7.96
setl_0037,pay_0101,payment,8000.0,64.0,11.52
setl_0037,pay_0102,payment,5000.0,75.0,13.5
setl_0037,pay_0103,refund,2500.0,37.5,6.75
setl_0037,pay_0104,payment,19218.99,153.75,27.68
setl_0037,pay_0105,payment,5000.0,40.0,7.2
setl_0038,pay_0106,payment,7000.0,56.0,10.08
setl_0038,pay_0107,payment,5262.6,78.94,14.21
setl_0038,pay_0108,payment,22805.86,182.45,32.84
setl_0039,pay_0109,payment,7000.0,56.0,10.08
setl_0039,pay_0110,payment,8000.0,64.0,11.52
setl_0039,pay_0111,payment,9708.62,194.17,34.95
setl_0039,pay_0112,payment,5000.0,40.0,7.2
setl_0039,pay_0113,payment,5000.0,40.0,7.2
setl_0039,pay_0114,payment,10000.0,150.0,27.0
setl_0040,pay_0115,payment,7000.0,140.0,25.2
setl_0040,pay_0116,payment,2500.0,20.0,3.6
setl_0041,pay_0117,payment,1782.28,26.73,4.81
setl_0041,pay_0118,payment,2500.0,20.0,3.6
setl_0041,pay_0119,payment,6125.5,91.88,16.54
setl_0041,pay_0120,payment,8000.0,64.0,11.52
setl_0041,pay_0121,payment,8000.0,160.0,28.8
setl_0042,pay_0122,payment,6923.28,55.39,9.97
setl_0043,pay_0123,payment,7151.59,143.03,25.75
setl_0043,pay_0124,payment,7000.0,140.0,25.2
setl_0043,pay_0125,payment,5000.0,40.0,7.2
setl_0043,pay_0126,payment,1763.4,14.11,2.54
setl_0043,pay_0127,payment,7000.0,56.0,10.08
setl_0043,pay_0128,payment,8000.0,64.0,11.52
setl_0044,pay_0129,payment,2500.0,20.0,3.6
setl_0045,pay_0130,payment,10000.0,80.0,14.4
setl_0045,pay_0131,payment,12140.67,242.81,43.71
setl_0045,pay_0132,payment,2500.0,50.0,9.0
setl_0045,pay_0133,refund,17183.66,137.47,24.74
setl_0046,pay_0134,payment,899.66,7.2,1.3
setl_0046,pay_0135,payment,6779.09,54.23,9.76
setl_0046,pay_0136,payment,2308.38,18.47,3.32
setl_0047,pay_0137,payment,7503.35,60.03,10.81
setl_0048,pay_0138,payment,8000.0,64.0,11.52
setl_0048,pay_0139,payment,5000.0,40.0,7.2
setl_0049,pay_0140,payment,7000.0,56.0,10.08
setl_0049,pay_0141,payment,7000.0,56.0,10.08
setl_0049,pay_0142,payment,7761.44,62.09,11.18
setl_0049,pay_0143,payment,8000.0,64.0,11.52
setl_0049,pay_0144,payment,2500.0,20.0,3.6
setl_0049,pay_0145,refund,2174.83,17.4,3.13
setl_0050,pay_0146,payment,13967.4,209.51,37.71
setl_0050,pay_0147,payment,5000.0,40.0,7.2
setl_0050,pay_0148,payment,6772.6,101.59,18.29
setl_0051,pay_0149,payment,10000.0,80.0,14.4
setl_0051,pay_0150,payment,10000.0,80.0,14.4
setl_0051,pay_0151,payment,5000.0,100.0,18.0
setl_0051,pay_0152,payment,7000.0,56.0,10.08
setl_0052,pay_0153,payment,2093.02,16.74,3.01
setl_0052,pay_0154,payment,8000.0,64.0,11.52
setl_0052,pay_0155,payment,7076.14,56.61,10.19
setl_0052,pay_0156,payment,2500.0,20.0,3.6
setl_0052,pay_0157,payment,2500.0,20.0,3.6
setl_0052,pay_0158,payment,10949.48,218.99,39.42
setl_0053,pay_0159,payment,10000.0,200.0,36.0
setl_0053,pay_0160,payment,18662.7,149.3,26.87
setl_0053,pay_0161,payment,8000.0,64.0,11.52
setl_0053,pay_0162,payment,7000.0,56.0,10.08
setl_0054,pay_0163,payment,10000.0,80.0,14.4
setl_0054,pay_0164,payment,9433.6,75.47,13.58
setl_0054,pay_0165,payment,7000.0,56.0,10.08
setl_0054,pay_0166,payment,7000.0,56.0,10.08
setl_0054,pay_0167,payment,2500.0,20.0,3.6
setl_0055,pay_0168,payment,7000.0,56.0,10.08
setl_0055,pay_0169,refund,7984.4,63.88,11.5
setl_0056,pay_0170,payment,5000.0,40.0,7.2
setl_0056,pay_0171,payment,2055.05,41.1,7.4
setl_0056,pay_0172,payment,19778.38,395.57,71.2
setl_0057,pay_0173,payment,10000.0,80.0,14.4
setl_0057,pay_0174,payment,10000.0,80.0,14.4
setl_0057,pay_0175,payment,21621.41,324.32,58.38
setl_0057,pay_0176,payment,3064.24,24.51,4.41
setl_0057,pay_0177,refund,5000.0,100.0,18.0
setl_0057,pay_0178,payment,2500.0,20.0,3.6
setl_0058,pay_0179,payment,10000.0,200.0,36.0
setl_0058,pay_0180,payment,12350.71,98.81,17.79
setl_0058,pay_0181,payment,5000.0,40.0,7.2
setl_0059,pay_0182,payment,5000.0,100.0,18.0
setl_0059,pay_0183,payment,4791.12,38.33,6.9
setl_0059,pay_0184,payment,10000.0,80.0,14.4
setl_0059,pay_0185,payment,2871.58,57.43,10.34
setl_0059,pay_0186,payment,10000.0,80.0,14.4
setl_0060,pay_0187,payment,8000.0,64.0,11.52
setl_0061,pay_0188,payment,10000.0,80.0,14.4
setl_0061,pay_0189,payment,8000.0,64.0,11.52
setl_0061,pay_0190,payment,13763.62,110.11,19.82
setl_0061,pay_0191,payment,7000.0,56.0,10.08
setl_0061,pay_0192,payment,10000.0,80.0,14.4
setl_0061,pay_0193,payment,7000.0,56.0,10.08
setl_0062,pay_0194,payment,20748.27,165.99,29.88
setl_0063,pay_0195,payment,2500.0,20.0,3.6
setl_0063,pay_0196,payment,4540.3,36.32,6.54
setl_0063,pay_0197,payment,8440.53,67.52,12.15
setl_0063,pay_0198,payment,8000.0,160.0,28.8
setl_0063,pay_0199,payment,3449.61,68.99,12.42
setl_0063,pay_0200,payment,23152.64,463.05,83.35
setl_0064,pay_0201,payment,24747.25,197.98,35.64
setl_0064,pay_0202,payment,6920.14,55.36,9.96
setl_0064,pay_0203,payment,17773.31,142.19,25.59
setl_0064,pay_0204,payment,22093.91,441.88,79.54
setl_0064,pay_0205,payment,10601.26,84.81,15.27
setl_0065,pay_0206,payment,8000.0,64.0,11.52
setl_0065,pay_0207,payment,18896.79,151.17,27.21
setl_0065,pay_0208,payment,2169.31,17.35,3.12
setl_0066,pay_0209,payment,10000.0,150.0,27.0
setl_0066,pay_0210,payment,8000.0,64.0,11.52
setl_0066,pay_0211,payment,2500.0,37.5,6.75
setl_0066,pay_0212,payment,6683.66,53.47,9.62
setl_0067,pay_0213,payment,7000.0,56.0,10.08
setl_0068,pay_0214,payment,10000.0,80.0,14.4
setl_0068,pay_0215,payment,5000.0,40.0,7.2
setl_0068,pay_0216,payment,8000.0,64.0,11.52
setl_0069,pay_0217,payment,955.39,7.64,1.38
setl_0069,pay_0218,payment,8000.0,160.0,28.8
setl_0069,pay_0219,payment,2500.0,20.0,3.6
setl_0069,pay_0220,payment,2500.0,50.0,9.0
setl_0069,pay_0221,payment,18422.16,147.38,26.53
setl_0069,pay_0222,payment,8000.0,64.0,11.52
setl_0070,pay_0223,payment,2457.79,19.66,3.54
setl_0070,pay_0224,payment,10000.0,80.0,14.4
setl_0071,pay_0225,payment,7019.14,56.15,10.11
setl_0071,pay_0226,payment,10000.0,150.0,27.0
setl_0071,pay_0227,payment,10000.0,80.0,14.4
setl_0071,pay_0228,payment,8000.0,64.0,11.52
setl_0071,pay_0229,payment,8000.0,160.0,28.8
setl_0071,pay_0230,payment,8000.0,64.0,11.52
setl_0072,pay_0231,payment,24228.35,193.83,34.89
setl_0073,pay_0232,payment,5000.0,100.0,18.0
setl_0073,pay_0233,payment,629.38,12.59,2.27
setl_0074,pay_0234,payment,16030.87,128.25,23.09
setl_0074,pay_0235,payment,8000.0,64.0,11.52
setl_0074,pay_0236,payment,1769.83,26.55,4.78
setl_0074,pay_0237,payment,10000.0,80.0,14.4
setl_0074,pay_0238,payment,2500.0,20.0,3.6
setl_0075,pay_0239,payment,5000.0,100.0,18.0
setl_0075,pay_0240,payment,8000.0,64.0,11.52
setl_0075,pay_0241,payment,2500.0,20.0,3.6
setl_0075,pay_0242,payment,7000.0,56.0,10.08
setl_0076,pay_0243,payment,5000.0,40.0,7.2
setl_0076,pay_0244,payment,8000.0,160.0,28.8
setl_0076,pay_0245,payment,2500.0,20.0,3.6
setl_0076,pay_0246,payment,3701.26,29.61,5.33
setl_0076,pay_0247,payment,5000.0,40.0,7.2
setl_0077,pay_0248,payment,10000.0,80.0,14.4
setl_0077,pay_0249,payment,10000.0,200.0,36.0
setl_0077,pay_0250,payment,2114.55,16.92,3.05
setl_0077,pay_0251,payment,2362.62,18.9,3.4
setl_0078,pay_0252,payment,7000.0,56.0,10.08
setl_0078,pay_0253,payment,2500.0,20.0,3.6
setl_0078,pay_0254,payment,8000.0,64.0,11.52
setl_0078,pay_0255,payment,8000.0,64.0,11.52
setl_0079,pay_0256,payment,2099.9,16.8,3.02
setl_0079,pay_0257,payment,1655.35,13.24,2.38
setl_0079,pay_0258,payment,5000.0,100.0,18.0
setl_0079,pay_0259,payment,12027.37,96.22,17.32
setl_0079,pay_0260,payment,22955.14,183.64,33.06
setl_0080,pay_0261,payment,2500.0,50.0,9.0
setl_0080,pay_0262,payment,8000.0,120.0,21.6
setl_0080,pay_0263,payment,7000.0,56.0,10.08
setl_0081,pay_0264,payment,5000.0,40.0,7.2
setl_0081,pay_0265,payment,5000.0,40.0,7.2
setl_0081,pay_0266,payment,7654.38,153.09,27.56
setl_0082,pay_0267,payment,2500.0,50.0,9.0
setl_0082,pay_0268,payment,10000.0,80.0,14.4
setl_0082,pay_0269,payment,5000.0,100.0,18.0
setl_0082,pay_0270,payment,2500.0,20.0,3.6
setl_0082,pay_0271,payment,10000.0,80.0,14.4
setl_0082,pay_0272,payment,10000.0,80.0,14.4
setl_0083,pay_0273,payment,1500.28,30.01,5.4
setl_0083,pay_0274,payment,10000.0,80.0,14.4
setl_0083,pay_0275,payment,7000.0,56.0,10.08
setl_0083,pay_0276,payment,7000.0,140.0,25.2
setl_0084,pay_0277,payment,8000.0,160.0,28.8
setl_0085,pay_0278,payment,5000.0,40.0,7.2
setl_0085,pay_0279,payment,7000.0,56.0,10.08
setl_0085,pay_0280,payment,2500.0,20.0,3.6
setl_0086,pay_0281,payment,10000.0,80.0,14.4
setl_0086,pay_0282,payment,2500.0,20.0,3.6
setl_0086,pay_0283,payment,9307.94,74.46,13.4
setl_0087,pay_0284,payment,6655.85,53.25,9.58
setl_0088,pay_0285,payment,7000.0,56.0,10.08
setl_0088,pay_0286,payment,7000.0,56.0,10.08
setl_0088,pay_0287,payment,4124.59,33.0,5.94
setl_0088,pay_0288,payment,4642.92,37.14,6.69
setl_0089,pay_0289,payment,7000.0,56.0,10.08
setl_0089,pay_0290,payment,8000.0,64.0,11.52
setl_0089,pay_0291,payment,17723.33,354.47,63.8
setl_0089,pay_0292,payment,7000.0,56.0,10.08
setl_0089,pay_0293,payment,5000.0,40.0,7.2
setl_0089,pay_0294,payment,2500.0,20.0,3.6
setl_0090,pay_0295,payment,2500.0,20.0,3.6
setl_0091,pay_0296,payment,2500.0,20.0,3.6
setl_0092,pay_0297,payment,1584.09,12.67,2.28
setl_0093,pay_0298,payment,7000.0,140.0,25.2
setl_0093,pay_0299,payment,6433.8,51.47,9.26
setl_0094,pay_0300,payment,1463.89,29.28,5.27
setl_0094,pay_0301,payment,5000.0,100.0,18.0
setl_0094,pay_0302,payment,2500.0,20.0,3.6
setl_0094,pay_0303,payment,5000.0,40.0,7.2
setl_0094,pay_0304,payment,10000.0,80.0,14.4
setl_0094,pay_0305,payment,5000.0,40.0,7.2
setl_0095,pay_0306,payment,4254.0,34.03,6.13
setl_0095,pay_0307,payment,12146.52,97.17,17.49
setl_0095,pay_0308,payment,7000.0,56.0,10.08
setl_0095,pay_0309,payment,5000.0,40.0,7.2
setl_0096,pay_0310,payment,10000.0,80.0,14.4
setl_0096,pay_0311,payment,4637.52,37.1,6.68
setl_0096,pay_0312,payment,6903.37,138.07,24.85
setl_0097,pay_0313,payment,7000.0,56.0,10.08
setl_0097,pay_0314,payment,18969.42,151.76,27.32
setl_0097,pay_0315,payment,2168.17,17.35,3.12
setl_0097,pay_0316,payment,10000.0,80.0,14.4
setl_0097,pay_0317,payment,8000.0,64.0,11.52
setl_0097,pay_0318,payment,8000.0,160.0,28.8
setl_0098,pay_0319,payment,7000.0,56.0,10.08
setl_0098,pay_0320,payment,2677.27,21.42,3.86
setl_0098,pay_0321,payment,7000.0,56.0,10.08
setl_0098,pay_0322,payment,12778.45,102.23,18.4
setl_0099,pay_0323,payment,5329.28,42.63,7.67
setl_0099,pay_0324,payment,19924.25,159.39,28.69
setl_0099,pay_0325,payment,8000.0,64.0,11.52
setl_0099,pay_0326,payment,8000.0,160.0,28.8
setl_0100,pay_0327,payment,2513.6,50.27,9.05
setl_0100,pay_0328,payment,7000.0,140.0,25.2
setl_0100,pay_0329,payment,10000.0,200.0,36.0
setl_0101,pay_0330,refund,6811.39,102.17,18.39
setl_0101,pay_0331,payment,8000.0,64.0,11.52
setl_0101,pay_0332,payment,23364.6,186.92,33.65
setl_0101,pay_0333,payment,891.7,7.13,1.28
setl_0102,pay_0334,payment,2551.08,20.41,3.67
setl_0102,pay_0335,payment,2991.32,23.93,4.31
setl_0102,pay_0336,payment,18906.79,151.25,27.22
setl_0102,pay_0337,payment,18677.36,280.16,50.43
setl_0102,pay_0338,payment,7000.0,56.0,10.08
setl_0103,pay_0339,payment,8000.0,160.0,28.8
setl_0103,pay_0340,payment,5000.0,100.0,18.0
setl_0104,pay_0341,payment,5000.0,40.0,7.2
setl_0105,pay_0342,payment,7000.0,105.0,18.9
setl_0106,pay_0343,payment,5090.58,40.72,7.33
setl_0106,pay_0344,payment,8000.0,64.0,11.52
setl_0106,pay_0345,payment,8000.0,64.0,11.52
setl_0106,pay_0346,payment,5450.15,43.6,7.85
setl_0106,pay_0347,payment,913.41,7.31,1.32
setl_0107,pay_0348,payment,10000.0,80.0,14.4
setl_0107,pay_0349,payment,8000.0,160.0,28.8
setl_0107,pay_0350,payment,2851.3,22.81,4.11
setl_0107,pay_0351,payment,4522.28,67.83,12.21
setl_0107,pay_0352,payment,5000.0,40.0,7.2
setl_0107,pay_0353,payment,7000.0,56.0,10.08
setl_0108,pay_0354,payment,969.64,7.76,1.4
setl_0108,pay_0355,payment,8000.0,64.0,11.52
setl_0108,pay_0356,payment,5000.0,40.0,7.2
setl_0108,pay_0357,payment,21531.55,172.25,31.0
setl_0108,pay_0358,payment,2500.0,20.0,3.6
setl_0108,pay_0359,payment,7000.0,56.0,10.08
setl_0109,pay_0360,payment,7000.0,140.0,25.2
setl_0109,pay_0361,payment,3234.33,25.87,4.66
setl_0109,pay_0362,payment,7000.0,140.0,25.2
setl_0109,pay_0363,payment,7689.55,61.52,11.07
setl_0109,pay_0364,payment,10000.0,80.0,14.4
setl_0110,pay_0365,payment,1840.72,14.73,2.65
setl_0110,pay_0366,payment,8000.0,64.0,11.52
setl_0111,pay_0367,payment,5525.66,110.51,19.89
setl_0111,pay_0368,payment,7000.0,56.0,10.08
setl_0112,pay_0369,payment,6970.11,55.76,10.04
setl_0112,pay_0370,payment,2300.66,34.51,6.21
setl_0112,pay_0371,payment,7000.0,56.0,10.08
setl_0112,pay_0372,payment,5000.0,40.0,7.2
setl_0112,pay_0373,payment,5000.0,40.0,7.2
setl_0112,pay_0374,payment,2500.0,20.0,3.6
setl_0113,pay_0375,payment,2500.0,20.0,3.6
setl_0113,pay_0376,payment,5000.0,40.0,7.2
setl_0113,pay_0377,payment,5000.0,40.0,7.2
setl_0113,pay_0378,payment,2500.0,50.0,9.0
setl_0114,pay_0379,payment,17650.07,141.2,25.42
setl_0114,pay_0380,payment,5000.0,40.0,7.2
setl_0114,pay_0381,payment,2500.0,20.0,3.6
setl_0114,pay_0382,payment,7155.64,57.25,10.3
setl_0114,pay_0383,payment,7000.0,140.0,25.2
setl_0114,pay_0384,payment,2500.0,20.0,3.6
setl_0115,pay_0385,payment,7000.0,105.0,18.9
setl_0115,pay_0386,payment,6948.44,104.23,18.76
setl_0115,pay_0387,payment,4257.35,85.15,15.33
setl_0115,pay_0388,refund,3958.67,31.67,5.7
setl_0115,pay_0389,payment,10000.0,150.0,27.0
setl_0115,pay_0390,refund,5000.0,40.0,7.2
setl_0116,pay_0391,payment,23094.83,461.9,83.14
setl_0116,pay_0392,payment,8526.88,68.22,12.28
setl_0116,pay_0393,payment,8000.0,160.0,28.8
setl_0116,pay_0394,payment,2500.0,20.0,3.6
setl_0116,pay_0395,payment,8437.51,67.5,12.15
setl_0117,pay_0396,payment,8000.0,64.0,11.52
setl_0118,pay_0397,payment,10000.0,80.0,14.4
setl_0119,pay_0398,payment,2500.0,50.0,9.0
setl_0119,pay_0399,payment,10000.0,80.0,14.4
setl_0119,pay_0400,payment,16535.72,132.29,23.81
setl_0120,pay_0401,payment,751.05,6.01,1.08
setl_0120,pay_0402,payment,7087.59,56.7,10.21
setl_0120,pay_0403,payment,7000.0,56.0,10.08
setl_0121,pay_0404,payment,7668.07,153.36,27.6
setl_0122,pay_0405,payment,10000.0,80.0,14.4
setl_0122,pay_0406,payment,2500.0,50.0,9.0
setl_0122,pay_0407,payment,8000.0,64.0,11.52
setl_0122,pay_0408,payment,10000.0,200.0,36.0
setl_0123,pay_0409,payment,7000.0,140.0,25.2
setl_0123,pay_0410,payment,7000.0,56.0,10.08
setl_0123,pay_0411,payment,764.85,6.12,1.1
setl_0123,pay_0412,payment,7000.0,56.0,10.08
setl_0123,pay_0413,payment,10000.0,80.0,14.4
setl_0124,pay_0414,payment,943.19,7.55,1.36
setl_0124,pay_0415,payment,8000.0,160.0,28.8
setl_0124,pay_0416,payment,23495.76,187.97,33.83
setl_0124,pay_0417,payment,8000.0,64.0,11.52
setl_0125,pay_0418,payment,7000.0,56.0,10.08
setl_0125,pay_0419,payment,8000.0,64.0,11.52
setl_0125,pay_0420,payment,8000.0,64.0,11.52
setl_0125,pay_0421,payment,2500.0,50.0,9.0
setl_0125,pay_0422,payment,1020.77,8.17,1.47
setl_0126,pay_0423,payment,2500.0,20.0,3.6
setl_0127,pay_0424,payment,8000.0,160.0,28.8
setl_0127,pay_0425,payment,8000.0,64.0,11.52
setl_0127,pay_0426,payment,7181.68,57.45,10.34
setl_0127,pay_0427,payment,8919.05,71.35,12.84
setl_0127,pay_0428,payment,10434.81,208.7,37.57
setl_0128,pay_0429,payment,5000.0,100.0,18.0
setl_0128,pay_0430,payment,7000.0,56.0,10.08
setl_0128,pay_0431,refund,479.22,7.19,1.29
setl_0128,pay_0432,payment,8000.0,64.0,11.52
setl_0128,pay_0433,payment,10000.0,200.0,36.0
setl_0128,pay_0434,payment,10000.0,80.0,14.4
setl_0129,pay_0435,payment,20361.87,162.89,29.32
setl_0129,pay_0436,payment,8000.0,160.0,28.8
setl_0129,pay_0437,payment,6094.62,48.76,8.78
setl_0130,pay_0438,payment,1873.92,14.99,2.7
setl_0130,pay_0439,payment,6353.99,50.83,9.15
setl_0130,pay_0440,payment,8000.0,160.0,28.8
setl_0130,pay_0441,payment,10000.0,80.0,14.4
setl_0130,pay_0442,payment,5657.84,113.16,20.37
setl_0130,pay_0443,payment,8000.0,64.0,11.52
setl_0131,pay_0444,payment,2500.0,20.0,3.6
setl_0131,pay_0445,payment,19277.04,154.22,27.76
setl_0131,pay_0446,payment,4549.42,36.4,6.55
setl_0131,pay_0447,payment,19030.39,152.24,27.4
setl_0132,pay_0448,payment,10000.0,200.0,36.0
setl_0133,pay_0449,payment,22663.79,181.31,32.64
setl_0133,pay_0450,payment,5000.0,40.0,7.2
setl_0133,pay_0451,payment,5000.0,40.0,7.2
setl_0133,pay_0452,payment,2161.97,17.3,3.11
setl_0134,pay_0453,payment,10000.0,80.0,14.4
setl_0134,pay_0454,payment,4582.51,36.66,6.6
setl_0134,pay_0455,payment,1446.76,11.57,2.08
setl_0134,pay_0456,payment,8000.0,120.0,21.6
setl_0135,pay_0457,payment,5000.0,100.0,18.0
setl_0135,pay_0458,payment,6114.42,48.92,8.81
setl_0135,pay_0459,payment,2500.0,50.0,9.0
setl_0135,pay_0460,payment,5000.0,40.0,7.2
setl_0135,pay_0461,payment,7000.0,56.0,10.08
setl_0135,pay_0462,payment,18018.37,144.15,25.95
setl_0136,pay_0463,payment,16209.84,324.2,58.36
setl_0136,pay_0464,payment,7000.0,56.0,10.08
setl_0137,pay_0465,payment,13000.95,104.01,18.72
setl_0137,pay_0466,payment,5000.0,40.0,7.2
setl_0138,pay_0467,payment,20076.74,160.61,28.91
setl_0138,pay_0468,payment,7000.0,140.0,25.2
setl_0138,pay_0469,payment,7000.0,56.0,10.08
setl_0139,pay_0470,payment,19617.64,392.35,70.62
setl_0140,pay_0471,payment,5000.0,100.0,18.0
setl_0140,pay_0472,payment,2073.35,31.1,5.6
setl_0140,pay_0473,payment,8000.0,64.0,11.52
setl_0141,pay_0474,payment,5000.0,100.0,18.0
setl_0141,pay_0475,payment,3528.37,28.23,5.08
setl_0141,pay_0476,payment,10000.0,200.0,36.0
setl_0141,pay_0477,payment,8000.0,64.0,11.52
setl_0142,pay_0478,payment,5389.67,107.79,19.4
setl_0143,pay_0479,payment,2500.0,20.0,3.6
setl_0143,pay_0480,payment,1397.2,11.18,2.01
setl_0143,pay_0481,payment,2500.0,20.0,3.6
setl_0143,pay_0482,payment,2500.0,20.0,3.6
setl_0144,pay_0483,refund,3558.82,28.47,5.12
setl_0144,pay_0484,payment,7000.0,140.0,25.2
setl_0144,pay_0485,payment,6763.64,135.27,24.35
setl_0144,pay_0486,payment,8000.0,64.0,11.52
setl_0144,pay_0487,payment,1214.87,9.72,1.75
setl_0144,pay_0488,payment,6657.78,53.26,9.59
setl_0145,pay_0489,payment,10000.0,80.0,14.4
setl_0145,pay_0490,payment,8000.0,64.0,11.52
setl_0145,pay_0491,payment,2427.27,19.42,3.5
setl_0145,pay_0492,payment,4667.45,37.34,6.72
setl_0146,pay_0493,payment,22474.8,179.8,32.36
setl_0147,pay_0494,payment,640.71,9.61,1.73
setl_0147,pay_0495,payment,5000.0,100.0,18.0
setl_0148,pay_0496,payment,5000.0,40.0,7.2
setl_0148,pay_0497,payment,2500.0,20.0,3.6
setl_0149,pay_0498,payment,2500.0,20.0,3.6
setl_0149,pay_0499,payment,6761.22,54.09,9.74
setl_0150,pay_0500,payment,7402.13,148.04,26.65
setl_0150,pay_0501,payment,5000.0,75.0,13.5
setl_0150,pay_0502,payment,7000.0,56.0,10.08
setl_0150,pay_0503,payment,2500.0,20.0,3.6
setl_0150,pay_0504,payment,20872.5,166.98,30.06
setl_0150,pay_0505,payment,2500.0,20.0,3.6
setl_0151,pay_0506,payment,2500.0,20.0,3.6
setl_0151,pay_0507,payment,8000.0,160.0,28.8
setl_0151,pay_0508,payment,4581.85,36.65,6.6
setl_0151,pay_0509,payment,2116.2,16.93,3.05
setl_0152,pay_0510,payment,10554.09,84.43,15.2
setl_0152,pay_0511,payment,10000.0,80.0,14.4
setl_0152,pay_0512,payment,17749.27,141.99,25.56
setl_0152,pay_0513,payment,7000.0,56.0,10.08
setl_0153,pay_0514,payment,5000.0,40.0,7.2
setl_0153,pay_0515,payment,17904.98,143.24,25.78
setl_0153,pay_0516,payment,5000.0,40.0,7.2
setl_0153,pay_0517,payment,15136.52,121.09,21.8
setl_0154,pay_0518,payment,6811.28,54.49,9.81
setl_0154,pay_0519,payment,7000.0,56.0,10.08
setl_0154,pay_0520,payment,7000.0,56.0,10.08
setl_0154,pay_0521,payment,10000.0,200.0,36.0
setl_0154,pay_0522,payment,1541.84,12.33,2.22
setl_0155,pay_0523,payment,6923.58,55.39,9.97
setl_0155,pay_0524,payment,7000.0,140.0,25.2
setl_0156,pay_0525,payment,8000.0,64.0,11.52
setl_0157,pay_0526,payment,10000.0,200.0,36.0
setl_0157,pay_0527,payment,2050.77,16.41,2.95
setl_0157,pay_0528,payment,7592.24,60.74,10.93
setl_0157,pay_0529,payment,8000.0,160.0,28.8
setl_0158,pay_0530,payment,8000.0,64.0,11.52
setl_0158,pay_0531,payment,5000.0,100.0,18.0
setl_0159,pay_0532,payment,1141.57,22.83,4.11
setl_0159,pay_0533,payment,8000.0,64.0,11.52
setl_0159,pay_0534,payment,3462.69,27.7,4.99
setl_0160,pay_0535,payment,8000.0,160.0,28.8
setl_0160,pay_0536,payment,10000.0,150.0,27.0
setl_0161,pay_0537,payment,5000.0,100.0,18.0
setl_0161,pay_0538,payment,7000.0,140.0,25.2
setl_0162,pay_0539,payment,8000.0,64.0,11.52
setl_0163,pay_0540,payment,8000.0,64.0,11.52
setl_0163,pay_0541,payment,10000.0,80.0,14.4
setl_0163,pay_0542,payment,8000.0,64.0,11.52
setl_0163,pay_0543,payment,7000.0,56.0,10.08
setl_0163,pay_0544,refund,6767.47,135.35,24.36
setl_0164,pay_0545,payment,8000.0,64.0,11.52
setl_0164,pay_0546,payment,5000.0,40.0,7.2
setl_0164,pay_0547,payment,5000.0,100.0,18.0
setl_0164,pay_0548,payment,10479.34,83.83,15.09
setl_0164,pay_0549,payment,2500.0,50.0,9.0
setl_0164,pay_0550,payment,5000.0,100.0,18.0
setl_0165,pay_0551,payment,8000.0,64.0,11.52
setl_0166,pay_0552,payment,17790.21,142.32,25.62
setl_0166,pay_0553,payment,7000.0,56.0,10.08
setl_0166,pay_0554,payment,7000.0,140.0,25.2
setl_0167,pay_0555,payment,7000.0,56.0,10.08
setl_0167,pay_0556,payment,2427.6,19.42,3.5
setl_0168,pay_0557,payment,2940.36,23.52,4.23
setl_0168,pay_0558,payment,5381.91,43.06,7.75
setl_0168,pay_0559,payment,10000.0,80.0,14.4
setl_0168,pay_0560,payment,10000.0,80.0,14.4
setl_0168,pay_0561,payment,19859.59,158.88,28.6
setl_0168,pay_0562,payment,8000.0,120.0,21.6
setl_0169,pay_0563,payment,8000.0,64.0,11.52
setl_0170,pay_0564,payment,10000.0,80.0,14.4
setl_0170,pay_0565,payment,7000.0,105.0,18.9
setl_0170,pay_0566,payment,8000.0,64.0,11.52
setl_0171,pay_0567,payment,8000.0,64.0,11.52
setl_0171,pay_0568,payment,10000.0,80.0,14.4
setl_0172,pay_0569,payment,1073.35,8.59,1.55
setl_0172,pay_0570,payment,1320.67,10.57,1.9
setl_0172,pay_0571,payment,1446.63,11.57,2.08
setl_0172,pay_0572,payment,8000.0,160.0,28.8
setl_0172,pay_0573,payment,5000.0,100.0,18.0
setl_0173,pay_0574,payment,7000.0,140.0,25.2
setl_0173,pay_0575,payment,8000.0,64.0,11.52
setl_0173,pay_0576,payment,7000.0,56.0,10.08
setl_0173,pay_0577,payment,10000.0,200.0,36.0
setl_0173,pay_0578,payment,731.17,5.85,1.05
setl_0174,pay_0579,refund,2500.0,50.0,9.0
setl_0175,pay_0580,payment,10000.0,80.0,14.4
setl_0176,pay_0581,payment,8000.0,120.0,21.6
setl_0176,pay_0582,payment,2500.0,20.0,3.6
setl_0176,pay_0583,payment,5000.0,40.0,7.2
setl_0176,pay_0584,payment,21017.48,168.14,30.27
setl_0176,pay_0585,payment,8744.21,69.95,12.59
setl_0177,pay_0586,payment,10000.0,80.0,14.4
setl_0177,pay_0587,payment,5000.0,100.0,18.0
setl_0177,pay_0588,payment,7000.0,140.0,25.2
setl_0177,pay_0589,payment,8000.0,64.0,11.52
setl_0177,pay_0590,payment,5000.0,40.0,7.2
setl_0177,pay_0591,payment,10000.0,200.0,36.0
setl_0178,pay_0592,payment,10000.0,150.0,27.0
setl_0178,pay_0593,payment,7000.0,140.0,25.2
setl_0178,pay_0594,refund,8000.0,64.0,11.52
setl_0178,pay_0595,payment,8000.0,64.0,11.52
setl_0179,pay_0596,payment,21979.74,175.84,31.65
setl_0179,pay_0597,payment,8000.0,64.0,11.52
setl_0180,pay_0598,payment,10000.0,200.0,36.0
setl_0181,pay_0599,payment,7000.0,56.0,10.08
setl_0181,pay_0600,refund,5000.0,100.0,18.0
setl_0181,pay_0601,payment,8700.1,69.6,12.53
setl_0181,pay_0602,payment,4660.85,37.29,6.71
setl_0181,pay_0603,payment,7000.0,56.0,10.08
setl_0181,pay_0604,payment,10000.0,80.0,14.4
setl_0182,pay_0605,payment,7000.0,56.0,10.08
setl_0183,pay_0606,payment,2500.0,20.0,3.6
setl_0183,pay_0607,payment,15517.57,124.14,22.35
setl_0183,pay_0608,payment,727.58,5.82,1.05
setl_0183,pay_0609,payment,8000.0,64.0,11.52
setl_0184,pay_0610,payment,10000.0,80.0,14.4
setl_0184,pay_0611,payment,8000.0,64.0,11.52
setl_0184,pay_0612,payment,5057.28,40.46,7.28
setl_0184,pay_0613,payment,7000.0,56.0,10.08
setl_0184,pay_0614,payment,17036.53,136.29,24.53
setl_0185,pay_0615,payment,10000.0,80.0,14.4
setl_0185,pay_0616,payment,8000.0,160.0,28.8
setl_0185,pay_0617,payment,8000.0,64.0,11.52
setl_0185,pay_0618,payment,5000.0,40.0,7.2
setl_0186,pay_0619,payment,5000.0,100.0,18.0
setl_0186,pay_0620,payment,19987.32,159.9,28.78
setl_0186,pay_0621,refund,4246.23,33.97,6.11
setl_0186,pay_0622,payment,8000.0,64.0,11.52
setl_0186,pay_0623,payment,5000.0,40.0,7.2
setl_0186,pay_0624,payment,10000.0,200.0,36.0
setl_0187,pay_0625,payment,7000.0,140.0,25.2
setl_0187,pay_0626,payment,11477.56,172.16,30.99
setl_0188,pay_0627,payment,2220.23,17.76,3.2
setl_0188,pay_0628,payment,1684.16,13.47,2.42
setl_0188,pay_0629,payment,2243.34,17.95,3.23
setl_0189,pay_0630,payment,8000.0,64.0,11.52
setl_0190,pay_0631,payment,10000.0,80.0,14.4
setl_0191,pay_0632,payment,7000.0,56.0,10.08
setl_0191,pay_0633,payment,8000.0,64.0,11.52
setl_0191,pay_0634,payment,2500.0,20.0,3.6
setl_0192,pay_0635,payment,7000.0,56.0,10.08
setl_0192,pay_0636,payment,2211.61,17.69,3.18
setl_0193,pay_0637,payment,5000.0,40.0,7.2
setl_0193,pay_0638,payment,10000.0,80.0,14.4
setl_0193,pay_0639,payment,8000.0,64.0,11.52
setl_0193,pay_0640,payment,515.63,10.31,1.86
setl_0193,pay_0641,payment,24893.5,497.87,89.62
setl_0193,pay_0642,payment,2500.0,37.5,6.75
setl_0194,pay_0643,payment,2872.17,22.98,4.14
setl_0194,pay_0644,payment,5000.0,40.0,7.2
setl_0194,pay_0645,payment,8000.0,64.0,11.52
setl_0194,pay_0646,payment,10000.0,80.0,14.4
setl_0194,pay_0647,payment,5000.0,40.0,7.2
setl_0194,pay_0648,payment,7000.0,56.0,10.08
setl_0195,pay_0649,payment,8000.0,160.0,28.8
setl_0195,pay_0650,payment,7000.0,140.0,25.2
setl_0196,pay_0651,payment,10000.0,200.0,36.0
setl_0196,pay_0652,payment,10000.0,200.0,36.0
setl_0196,pay_0653,payment,1028.62,8.23,1.48
setl_0197,pay_0654,payment,2071.14,16.57,2.98
setl_0197,pay_0655,payment,8000.0,160.0,28.8
setl_0198,pay_0656,payment,8000.0,64.0,11.52
setl_0198,pay_0657,payment,478.53,9.57,1.72
setl_0198,pay_0658,payment,2500.0,20.0,3.6
setl_0198,pay_0659,refund,1483.91,11.87,2.14
setl_0198,pay_0660,payment,10000.0,150.0,27.0
setl_0198,pay_0661,payment,5000.0,40.0,7.2
setl_0199,pay_0662,payment,12635.12,101.08,18.19
setl_0199,pay_0663,payment,13414.24,201.21,36.22
setl_0199,pay_0664,payment,10000.0,80.0,14.4
setl_0199,pay_0665,payment,15249.92,305.0,54.9
setl_0199,pay_0666,payment,5000.0,100.0,18.0
setl_0199,pay_0667,payment,10000.0,80.0,14.4
setl_0200,pay_0668,payment,8000.0,120.0,21.6
setl_0200,pay_0669,payment,10000.0,80.0,14.4
setl_0201,pay_0670,payment,13926.46,111.41,20.05
setl_0201,pay_0671,payment,10000.0,80.0,14.4
setl_0201,pay_0672,payment,5000.0,100.0,18.0
setl_0201,pay_0673,payment,19800.26,396.01,71.28
setl_0201,pay_0674,payment,2500.0,20.0,3.6
setl_0201,pay_0675,payment,7000.0,56.0,10.08
setl_0202,pay_0676,payment,2115.77,42.32,7.62
setl_0203,pay_0677,payment,2500.0,20.0,3.6
setl_0203,pay_0678,payment,6447.85,51.58,9.28
setl_0203,pay_0679,payment,2190.26,17.52,3.15
setl_0204,pay_0680,payment,7000.0,56.0,10.08
setl_0204,pay_0681,payment,5000.0,40.0,7.2
setl_0204,pay_0682,payment,1005.79,8.05,1.45
setl_0204,pay_0683,payment,10308.19,82.47,14.84
setl_0204,pay_0684,payment,7000.0,56.0,10.08
setl_0205,pay_0685,payment,5000.0,100.0,18.0
setl_0205,pay_0686,payment,2500.0,20.0,3.6
setl_0205,pay_0687,payment,8000.0,64.0,11.52
setl_0205,pay_0688,payment,5968.65,119.37,21.49
setl_0206,pay_0689,payment,10000.0,80.0,14.4
setl_0207,pay_0690,payment,13008.51,104.07,18.73
setl_0208,pay_0691,payment,18698.1,149.58,26.92
setl_0208,pay_0692,payment,5166.18,77.49,13.95
setl_0209,pay_0693,payment,20604.3,309.06,55.63
setl_0209,pay_0694,payment,10000.0,80.0,14.4
setl_0210,pay_0695,payment,10000.0,200.0,36.0
setl_0210,pay_0696,payment,2500.0,20.0,3.6
setl_0210,pay_0697,payment,5000.0,40.0,7.2
setl_0210,pay_0698,payment,10000.0,80.0,14.4
setl_0210,pay_0699,payment,7000.0,56.0,10.08
setl_0210,pay_0700,payment,10000.0,200.0,36.0
setl_0211,pay_0701,payment,19521.21,156.17,28.11
setl_0212,pay_0702,payment,10000.0,80.0,14.4
setl_0212,pay_0703,payment,5000.0,40.0,7.2
setl_0212,pay_0704,payment,14391.29,215.87,38.86
setl_0213,pay_0705,payment,8000.0,160.0,28.8
setl_0213,pay_0706,payment,940.41,7.52,1.35
setl_0213,pay_0707,payment,5000.0,40.0,7.2
setl_0213,pay_0708,payment,4871.89,73.08,13.15
setl_0213,pay_0709,refund,547.87,8.22,1.48
setl_0214,pay_0710,payment,7000.0,56.0,10.08
setl_0214,pay_0711,payment,7142.27,57.14,10.29
setl_0214,pay_0712,payment,2500.0,20.0,3.6
setl_0214,pay_0713,payment,2500.0,20.0,3.6
setl_0214,pay_0714,payment,8000.0,160.0,28.8
setl_0215,pay_0715,payment,5000.0,40.0,7.2
setl_0215,pay_0716,payment,8000.0,64.0,11.52
setl_0215,pay_0717,payment,6832.78,54.66,9.84
setl_0215,pay_0718,payment,5000.0,75.0,13.5
setl_0215,pay_0719,payment,5000.0,100.0,18.0
setl_0215,pay_0720,payment,9653.97,193.08,34.75
setl_0216,pay_0721,payment,7000.0,56.0,10.08
setl_0217,pay_0722,payment,2500.0,50.0,9.0
setl_0217,pay_0723,payment,7000.0,56.0,10.08
setl_0217,pay_0724,refund,7000.0,140.0,25.2
setl_0217,pay_0725,payment,7000.0,140.0,25.2
setl_0217,pay_0726,payment,5000.0,75.0,13.5
setl_0217,pay_0727,payment,8000.0,64.0,11.52
setl_0218,pay_0728,payment,5000.0,40.0,7.2
setl_0218,pay_0729,payment,10000.0,80.0,14.4
setl_0219,pay_0730,payment,2500.0,20.0,3.6
setl_0219,pay_0731,payment,510.16,4.08,0.73
setl_0219,pay_0732,payment,2500.0,20.0,3.6
setl_0220,pay_0733,payment,5000.0,40.0,7.2
setl_0220,pay_0734,payment,7000.0,56.0,10.08
setl_0220,pay_0735,payment,2448.67,19.59,3.53
setl_0220,pay_0736,payment,13017.75,260.36,46.86
setl_0220,pay_0737,payment,10000.0,150.0,27.0
setl_0221,pay_0738,payment,5000.0,40.0,7.2
setl_0221,pay_0739,payment,1642.72,13.14,2.37
setl_0221,pay_0740,payment,4841.34,38.73,6.97
setl_0221,pay_0741,payment,2500.0,20.0,3.6
setl_0222,pay_0742,payment,1040.16,8.32,1.5
setl_0222,pay_0743,payment,788.39,11.83,2.13
setl_0222,pay_0744,payment,5000.0,100.0,18.0
setl_0222,pay_0745,payment,2500.0,37.5,6.75
setl_0222,pay_0746,payment,4515.38,36.12,6.5
setl_0223,pay_0747,payment,5000.0,100.0,18.0
setl_0223,pay_0748,payment,6241.25,49.93,8.99
setl_0223,pay_0749,payment,8000.0,64.0,11.52
setl_0223,pay_0750,payment,10000.0,80.0,14.4
setl_0223,pay_0751,payment,9904.42,79.24,14.26
setl_0224,pay_0752,payment,19600.86,156.81,28.23
setl_0225,pay_0753,payment,5000.0,100.0,18.0
setl_0226,pay_0754,payment,10000.0,80.0,14.4
setl_0226,pay_0755,payment,8000.0,160.0,28.8
setl_0226,pay_0756,payment,8000.0,64.0,11.52
setl_0227,pay_0757,payment,2500.0,20.0,3.6
setl_0227,pay_0758,payment,2500.0,20.0,3.6
setl_0228,pay_0759,refund,23828.17,357.42,64.34
setl_0228,pay_0760,payment,10000.0,150.0,27.0
setl_0228,pay_0761,payment,7487.84,149.76,26.96
setl_0228,pay_0762,payment,5000.0,40.0,7.2
setl_0229,pay_0763,payment,8000.0,64.0,11.52
setl_0229,pay_0764,payment,5000.0,40.0,7.2
setl_0229,pay_0765,payment,7000.0,56.0,10.08
setl_0229,pay_0766,payment,5000.0,100.0,18.0
setl_0229,pay_0767,payment,7000.0,140.0,25.2
setl_0229,pay_0768,refund,2500.0,20.0,3.6
setl_0230,pay_0769,payment,15856.04,126.85,22.83
setl_0231,pay_0770,refund,8000.0,64.0,11.52
setl_0232,pay_0771,payment,10000.0,80.0,14.4
setl_0232,pay_0772,payment,8000.0,64.0,11.52
setl_0232,pay_0773,payment,10000.0,80.0,14.4
setl_0232,pay_0774,payment,1608.05,12.86,2.31
setl_0232,pay_0775,payment,2500.0,20.0,3.6
setl_0232,pay_0776,payment,6715.43,53.72,9.67
setl_0233,pay_0777,payment,2500.0,20.0,3.6
setl_0233,pay_0778,payment,7000.0,56.0,10.08
setl_0233,pay_0779,payment,7073.65,56.59,10.19
setl_0233,pay_0780,payment,2500.0,20.0,3.6
setl_0234,pay_0781,payment,6404.42,51.24,9.22
setl_0234,pay_0782,refund,7000.0,140.0,25.2
setl_0234,pay_0783,payment,1305.62,10.44,1.88
setl_0234,pay_0784,payment,5000.0,40.0,7.2
setl_0234,pay_0785,payment,2500.0,20.0,3.6
setl_0234,pay_0786,payment,907.83,7.26,1.31
setl_0235,pay_0787,payment,5000.0,75.0,13.5
setl_0235,pay_0788,payment,24281.71,485.63,87.41
setl_0235,pay_0789,payment,10000.0,80.0,14.4
setl_0235,pay_0790,payment,10000.0,80.0,14.4
setl_0236,pay_0791,payment,7000.0,56.0,10.08
setl_0236,pay_0792,payment,2500.0,20.0,3.6
setl_0236,pay_0793,payment,9445.1,75.56,13.6
setl_0236,pay_0794,payment,5000.0,40.0,7.2
setl_0236,pay_0795,payment,8000.0,160.0,28.8
setl_0236,pay_0796,payment,8000.0,64.0,11.52
setl_0237,pay_0797,payment,5956.04,119.12,21.44
setl_0237,pay_0798,payment,19546.47,156.37,28.15
setl_0237,pay_0799,payment,5000.0,40.0,7.2
setl_0237,pay_0800,payment,1121.59,8.97,1.61
setl_0237,pay_0801,payment,8611.68,68.89,12.4
setl_0238,pay_0802,payment,10000.0,200.0,36.0
setl_0239,pay_0803,payment,16090.49,128.72,23.17
setl_0239,pay_0804,payment,8000.0,64.0,11.52
setl_0239,pay_0805,payment,2500.0,20.0,3.6
setl_0239,pay_0806,payment,8000.0,64.0,11.52
setl_0239,pay_0807,payment,640.39,5.12,0.92
setl_0240,pay_0808,payment,1284.46,10.28,1.85
setl_0240,pay_0809,payment,5000.0,40.0,7.2
setl_0240,pay_0810,payment,7831.85,156.64,28.2
setl_0240,pay_0811,payment,5654.36,113.09,20.36
setl_0241,pay_0812,payment,5000.0,40.0,7.2
setl_0241,pay_0813,payment,5000.0,40.0,7.2
setl_0242,pay_0814,payment,8316.26,66.53,11.98
setl_0242,pay_0815,payment,7000.0,105.0,18.9
setl_0242,pay_0816,payment,8000.0,160.0,28.8
setl_0243,pay_0817,payment,8000.0,64.0,11.52
setl_0244,pay_0818,payment,8000.0,64.0,11.52
setl_0244,pay_0819,payment,8000.0,160.0,28.8
setl_0244,pay_0820,payment,2190.29,17.52,3.15
setl_0244,pay_0821,payment,2500.0,50.0,9.0
setl_0244,pay_0822,payment,3273.08,26.18,4.71
setl_0245,pay_0823,payment,7365.11,147.3,26.51
setl_0245,pay_0824,payment,7000.0,56.0,10.08
setl_0245,pay_0825,payment,10000.0,80.0,14.4
setl_0245,pay_0826,payment,12721.47,101.77,18.32
setl_0245,pay_0827,payment,1755.33,35.11,6.32
setl_0246,pay_0828,refund,6014.22,48.11,8.66
setl_0246,pay_0829,payment,5000.0,40.0,7.2
setl_0246,pay_0830,payment,1066.09,8.53,1.54
setl_0247,pay_0831,payment,4329.97,86.6,15.59
setl_0247,pay_0832,payment,2500.0,20.0,3.6
setl_0248,pay_0833,payment,7000.0,56.0,10.08
setl_0248,pay_0834,payment,24484.3,489.69,88.14
setl_0248,pay_0835,payment,10269.67,205.39,36.97
setl_0249,pay_0836,refund,7000.0,105.0,18.9
setl_0250,pay_0837,payment,5866.02,46.93,8.45
setl_0250,pay_0838,payment,18206.68,145.65,26.22
setl_0250,pay_0839,payment,10000.0,200.0,36.0
setl_0251,pay_0840,payment,8000.0,160.0,28.8
setl_0251,pay_0841,payment,5000.0,40.0,7.2
setl_0251,pay_0842,refund,2500.0,20.0,3.6
setl_0251,pay_0843,payment,7000.0,140.0,25.2
setl_0251,pay_0844,payment,10000.0,150.0,27.0
setl_0251,pay_0845,payment,7000.0,56.0,10.08
setl_0252,pay_0846,payment,11049.33,88.39,15.91
setl_0252,pay_0847,payment,8000.0,64.0,11.52
setl_0252,pay_0848,payment,8000.0,120.0,21.6
setl_0252,pay_0849,payment,2500.0,50.0,9.0
setl_0252,pay_0850,payment,8904.78,71.24,12.82
setl_0252,pay_0851,payment,10000.0,80.0,14.4
setl_0253,pay_0852,payment,7152.11,57.22,10.3
setl_0253,pay_0853,payment,5000.0,40.0,7.2
setl_0253,pay_0854,payment,2922.6,43.84,7.89
setl_0254,pay_0855,payment,4554.57,91.09,16.4
setl_0254,pay_0856,payment,8000.0,64.0,11.52
setl_0255,pay_0857,payment,20436.27,163.49,29.43
setl_0256,pay_0858,payment,7000.0,56.0,10.08
setl_0257,pay_0859,payment,22489.88,179.92,32.39
setl_0257,pay_0860,payment,7000.0,140.0,25.2
setl_0258,pay_0861,payment,5000.0,40.0,7.2
setl_0259,pay_0862,payment,2500.0,20.0,3.6
setl_0259,pay_0863,payment,19499.48,292.49,52.65
setl_0259,pay_0864,payment,10000.0,80.0,14.4
setl_0259,pay_0865,payment,4852.52,72.79,13.1
setl_0260,pay_0866,payment,8000.0,64.0,11.52
setl_0261,pay_0867,payment,11052.39,221.05,39.79
setl_0261,pay_0868,payment,10000.0,80.0,14.4
setl_0261,pay_0869,refund,8000.0,120.0,21.6
setl_0261,pay_0870,payment,7000.0,105.0,18.9
setl_0261,pay_0871,refund,7000.0,140.0,25.2
setl_0261,pay_0872,payment,5000.0,40.0,7.2
setl_0262,pay_0873,refund,8000.0,160.0,28.8
setl_0262,pay_0874,payment,10000.0,80.0,14.4
setl_0262,pay_0875,payment,1595.8,12.77,2.3
setl_0263,pay_0876,payment,8000.0,64.0,11.52
setl_0263,pay_0877,payment,10000.0,80.0,14.4
setl_0263,pay_0878,payment,7000.0,105.0,18.9
setl_0264,pay_0879,payment,8000.0,160.0,28.8
setl_0265,pay_0880,payment,10000.0,80.0,14.4
setl_0265,pay_0881,payment,2500.0,50.0,9.0
setl_0265,pay_0882,payment,16209.13,129.67,23.34
setl_0265,pay_0883,payment,2380.41,19.04,3.43
setl_0266,pay_0884,payment,7227.04,57.82,10.41
setl_0266,pay_0885,payment,2500.0,50.0,9.0
setl_0266,pay_0886,payment,7305.33,146.11,26.3
setl_0267,pay_0887,payment,3110.12,62.2,11.2
setl_0268,pay_0888,payment,8000.0,160.0,28.8
setl_0268,pay_0889,payment,13688.33,109.51,19.71
setl_0269,pay_0890,payment,8000.0,64.0,11.52
setl_0269,pay_0891,payment,7000.0,140.0,25.2
setl_0269,pay_0892,refund,2500.0,37.5,6.75
setl_0269,pay_0893,payment,13351.68,106.81,19.23
setl_0270,pay_0894,payment,8000.0,64.0,11.52
setl_0270,pay_0895,payment,1039.08,20.78,3.74
setl_0270,pay_0896,payment,10000.0,200.0,36.0
setl_0270,pay_0897,payment,7000.0,140.0,25.2
setl_0270,pay_0898,payment,2500.0,50.0,9.0
setl_0271,pay_0899,payment,8000.0,160.0,28.8
setl_0271,pay_0900,payment,1183.26,23.67,4.26
setl_0271,pay_0901,payment,5000.0,40.0,7.2
setl_0271,pay_0902,payment,5000.0,40.0,7.2
setl_0271,pay_0903,payment,7000.0,56.0,10.08
setl_0272,pay_0904,payment,7000.0,56.0,10.08
setl_0272,pay_0905,payment,10000.0,200.0,36.0
setl_0272,pay_0906,payment,5017.42,100.35,18.06
setl_0272,pay_0907,payment,7000.0,56.0,10.08
setl_0273,pay_0908,payment,8000.0,64.0,11.52
setl_0273,pay_0909,refund,8000.0,64.0,11.52
setl_0273,pay_0910,payment,8000.0,64.0,11.52
setl_0273,pay_0911,payment,10257.76,82.06,14.77
setl_0273,pay_0912,payment,7000.0,56.0,10.08
setl_0273,pay_0913,payment,7395.24,110.93,19.97
setl_0274,pay_0914,payment,4198.66,33.59,6.05
setl_0274,pay_0915,payment,2410.31,19.28,3.47
setl_0275,pay_0916,payment,10000.0,80.0,14.4
setl_0275,pay_0917,payment,7000.0,56.0,10.08
setl_0275,pay_0918,payment,8000.0,64.0,11.52
setl_0275,pay_0919,payment,2500.0,20.0,3.6
setl_0276,pay_0920,payment,7000.0,105.0,18.9
setl_0277,pay_0921,payment,7000.0,105.0,18.9
setl_0277,pay_0922,payment,5000.0,75.0,13.5
setl_0278,pay_0923,payment,17430.03,139.44,25.1
setl_0278,pay_0924,payment,10420.24,208.4,37.51
setl_0278,pay_0925,payment,8000.0,160.0,28.8
setl_0278,pay_0926,payment,7000.0,56.0,10.08
setl_0278,pay_0927,payment,2750.17,22.0,3.96
setl_0279,pay_0928,payment,5000.0,40.0,7.2
setl_0279,pay_0929,payment,10000.0,80.0,14.4
setl_0279,pay_0930,refund,23538.31,188.31,33.9
setl_0279,pay_0931,payment,10000.0,200.0,36.0
setl_0280,pay_0932,payment,10000.0,200.0,36.0
setl_0280,pay_0933,refund,1212.18,9.7,1.75
setl_0280,pay_0934,payment,5000.0,40.0,7.2
setl_0280,pay_0935,payment,864.41,6.92,1.25
setl_0280,pay_0936,payment,7913.45,118.7,21.37
setl_0281,pay_0937,payment,19426.98,155.42,27.98
setl_0282,pay_0938,payment,8000.0,64.0,11.52
setl_0283,pay_0939,payment,1690.36,25.36,4.56
setl_0283,pay_0940,payment,8000.0,64.0,11.52
setl_0284,pay_0941,refund,8000.0,120.0,21.6
setl_0285,pay_0942,payment,5000.0,40.0,7.2
setl_0285,pay_0943,payment,4209.43,33.68,6.06
setl_0285,pay_0944,payment,10000.0,80.0,14.4
setl_0285,pay_0945,payment,10000.0,200.0,36.0
setl_0285,pay_0946,payment,7541.93,150.84,27.15
setl_0286,pay_0947,payment,1714.99,13.72,2.47
setl_0287,pay_0948,payment,1263.33,10.11,1.82
setl_0288,pay_0949,payment,612.68,4.9,0.88
setl_0288,pay_0950,payment,5000.0,75.0,13.5
setl_0288,pay_0951,payment,5000.0,40.0,7.2
setl_0288,pay_0952,payment,8000.0,64.0,11.52
setl_0288,pay_0953,payment,24494.61,195.96,35.27
setl_0289,pay_0954,payment,5000.0,100.0,18.0
setl_0289,pay_0955,payment,2500.0,20.0,3.6
setl_0289,pay_0956,payment,2239.82,17.92,3.23
setl_0289,pay_0957,payment,2500.0,50.0,9.0
setl_0290,pay_0958,payment,2478.74,19.83,3.57
setl_0290,pay_0959,payment,1629.94,13.04,2.35
setl_0290,pay_0960,payment,17426.58,139.41,25.09
setl_0290,pay_0961,payment,3254.84,26.04,4.69
setl_0291,pay_0962,payment,7000.0,105.0,18.9
setl_0291,pay_0963,payment,2500.0,20.0,3.6
setl_0291,pay_0964,payment,8000.0,160.0,28.8
setl_0291,pay_0965,payment,10000.0,80.0,14.4
setl_0291,pay_0966,payment,2500.0,20.0,3.6
setl_0291,pay_0967,payment,10000.0,80.0,14.4
setl_0292,pay_0968,payment,10000.0,150.0,27.0
setl_0293,pay_0969,payment,8000.0,64.0,11.52
setl_0293,pay_0970,payment,2500.0,20.0,3.6
setl_0293,pay_0971,payment,10000.0,80.0,14.4
setl_0293,pay_0972,payment,5259.71,105.19,18.93
setl_0294,pay_0973,payment,2500.0,20.0,3.6
setl_0295,pay_0974,payment,8000.0,64.0,11.52
setl_0295,pay_0975,payment,2493.37,19.95,3.59
setl_0295,pay_0976,payment,10000.0,200.0,36.0
setl_0295,pay_0977,payment,7000.0,56.0,10.08
setl_0295,pay_0978,payment,1612.77,12.9,2.32
setl_0296,pay_0979,payment,8000.0,64.0,11.52
setl_0296,pay_0980,payment,7000.0,56.0,10.08
setl_0296,pay_0981,payment,10000.0,80.0,14.4
setl_0297,pay_0982,payment,10000.0,80.0,14.4
setl_0298,pay_0983,payment,3781.72,30.25,5.44
setl_0298,pay_0984,payment,4759.74,38.08,6.85
setl_0298,pay_0985,payment,5000.0,40.0,7.2
setl_0299,pay_0986,payment,10000.0,80.0,14.4
setl_0300,pay_0987,payment,10000.0,80.0,14.4
setl_0300,pay_0988,payment,8000.0,64.0,11.52
setl_0300,pay_0989,payment,15783.08,315.66,56.82
setl_0300,pay_0990,payment,8000.0,160.0,28.8
setl_0300,pay_0991,payment,5214.18,41.71,7.51
setl_0300,pay_0992,payment,1084.63,8.68,1.56
setl_0301,pay_0993,payment,5000.0,40.0,7.2
setl_0301,pay_0994,payment,10000.0,80.0,14.4
setl_0302,pay_0995,payment,12745.41,101.96,18.35
setl_0303,pay_0996,payment,660.72,13.21,2.38
setl_0303,pay_0997,payment,10000.0,200.0,36.0
setl_0303,pay_0998,payment,8000.0,64.0,11.52
setl_0303,pay_0999,payment,5000.0,40.0,7.2
setl_0303,pay_1000,payment,5000.0,40.0,7.2
